-- GibStock Database Backup
-- วันที่: 2026-06-12_23-40-31
-- ────────────────────────────

SET session_replication_role = replica;

-- Table: product_type (9 rows)
INSERT INTO product_type (product_id, product_name, price, initial_stock, created_at, status) VALUES
  (1, 'เสื้อขาว', 100, 0, '2026-06-08T09:04:57.537093', 'active'),
  (2, 'เสื้อคลุม', 100, 0, '2026-06-08T09:05:13.797892', 'active'),
  (3, 'เสื้อดำ', 100, 0, '2026-06-08T09:17:27.959191', 'active'),
  (4, 'แฟชั่นรวมวัย', 100, 0, '2026-06-08T09:17:50.814706', 'active'),
  (5, 'กระโปรง', 100, 0, '2026-06-08T09:18:18.088354', 'active'),
  (6, 'เสื้อบนหุ่น', 100, 0, '2026-06-08T09:19:07.007583', 'active'),
  (7, 'เสื้อเด็ก', 50, 0, '2026-06-08T09:19:35.602131', 'active'),
  (8, 'เดรส', 150, 0, '2026-06-08T22:34:10.609789', 'active'),
  (9, 'เสื้อผู้ชาย', 100, 0, '2026-06-08T22:37:06.69633', 'active');


-- Table: stock (25 rows)
INSERT INTO stock (stock_id, product_id, product_name, qty_added, added_at) VALUES
  (1, 1, 'เสื้อขาว', 160, '2026-06-08T09:20:04.770733'),
  (2, 3, 'เสื้อดำ', 223, '2026-06-08T09:20:18.07386'),
  (3, 7, 'เสื้อเด็ก', 24, '2026-06-08T09:20:35.35658'),
  (4, 4, 'แฟชั่นรวมวัย', 607, '2026-06-08T09:20:51.997349'),
  (5, 5, 'กระโปรง', 181, '2026-06-08T09:21:16.862635'),
  (6, 2, 'เสื้อคลุม', 99, '2026-06-08T09:21:32.213668'),
  (7, 6, 'เสื้อบนหุ่น', 3, '2026-06-08T09:21:41.74418'),
  (8, 6, 'เสื้อบนหุ่น', 2, '2026-06-08T22:34:47.790057'),
  (9, 9, 'เสื้อผู้ชาย', 420, '2026-06-09T09:57:42.344371'),
  (10, 8, 'เดรส', 450, '2026-06-09T09:58:07.627709'),
  (11, 5, 'กระโปรง', 100, '2026-06-09T12:39:36.032344'),
  (12, 9, 'เสื้อผู้ชาย', 211, '2026-06-09T12:40:14.94568'),
  (13, 8, 'เดรส', 80, '2026-06-09T12:40:40.269718'),
  (14, 4, 'แฟชั่นรวมวัย', 50, '2026-06-09T12:41:42.08603'),
  (15, 4, 'แฟชั่นรวมวัย', 60, '2026-06-10T13:23:56.686972'),
  (17, 1, 'เสื้อขาว', 50, '2026-06-10T17:27:49.30355'),
  (18, 2, 'เสื้อคลุม', 50, '2026-06-10T17:28:19.633981'),
  (19, 8, 'เดรส', 50, '2026-06-10T17:29:37.751469'),
  (20, 9, 'เสื้อผู้ชาย', 122, '2026-06-10T22:16:46.545609'),
  (22, 3, 'เสื้อดำ', 47, '2026-06-12T14:15:18.947304'),
  (23, 4, 'แฟชั่นรวมวัย', 1, '2026-06-12T14:16:22.605318'),
  (24, 5, 'กระโปรง', 40, '2026-06-12T14:16:48.102335'),
  (25, 7, 'เสื้อเด็ก', 4, '2026-06-12T14:17:11.782445'),
  (26, 8, 'เดรส', 50, '2026-06-12T14:17:35.596716'),
  (27, 4, 'แฟชั่นรวมวัย', 7, '2026-06-12T17:20:25.610585');


-- Table: orders (171 rows)
INSERT INTO orders (order_id, date, total_qty, grand_total, payment_method) VALUES
  (1, '2026-06-08T13:43:17.429256', 6, 600, 'transfer'),
  (2, '2026-06-08T13:52:03.303591', 2, 200, 'cash'),
  (3, '2026-06-08T13:52:38.242085', 1, 100, 'cash'),
  (4, '2026-06-08T13:52:51.996708', 2, 200, 'cash'),
  (5, '2026-06-08T13:53:31.974862', 1, 100, 'cash'),
  (6, '2026-06-08T13:53:43.550581', 2, 200, 'cash'),
  (7, '2026-06-08T13:53:50.702747', 1, 100, 'cash'),
  (8, '2026-06-08T13:56:45.348298', 6, 600, 'cash'),
  (9, '2026-06-08T15:19:52.400157', 1, 100, 'cash'),
  (10, '2026-06-08T16:13:08.877776', 3, 300, 'cash'),
  (11, '2026-06-08T16:18:00.47666', 1, 100, 'cash'),
  (12, '2026-06-08T16:24:08.181014', 2, 200, 'cash'),
  (13, '2026-06-08T16:50:03.737269', 1, 100, 'transfer'),
  (14, '2026-06-08T16:59:26.95949', 1, 100, 'cash'),
  (15, '2026-06-08T17:01:02.236358', 1, 100, 'cash'),
  (16, '2026-06-08T17:17:24.868637', 2, 200, 'cash'),
  (17, '2026-06-08T17:58:45.311222', 1, 100, 'cash'),
  (18, '2026-06-08T18:12:55.579882', 1, 100, 'cash'),
  (19, '2026-06-08T18:14:59.396512', 2, 200, 'cash'),
  (20, '2026-06-08T18:19:56.150397', 2, 200, 'cash'),
  (21, '2026-06-08T18:31:53.281634', 1, 100, 'cash'),
  (22, '2026-06-08T19:01:01.306287', 2, 200, 'cash'),
  (23, '2026-06-09T09:58:20.346606', 1, 100, 'cash'),
  (24, '2026-06-09T10:14:36.191453', 1, 100, 'transfer'),
  (25, '2026-06-09T10:23:44.696113', 1, 100, 'cash'),
  (26, '2026-06-09T10:23:50.735735', 1, 100, 'transfer'),
  (27, '2026-06-09T11:21:11.248988', 1, 100, 'transfer'),
  (28, '2026-06-09T11:21:45.150037', 2, 300, 'transfer'),
  (29, '2026-06-09T11:22:37.770417', 11, 1000, 'transfer'),
  (30, '2026-06-09T11:22:59.772807', 1, 100, 'cash'),
  (31, '2026-06-09T12:18:01.793406', 1, 100, 'cash'),
  (32, '2026-06-09T12:18:10.946549', 5, 500, 'cash'),
  (33, '2026-06-09T12:19:15.908335', 1, 150, 'cash'),
  (34, '2026-06-09T12:19:24.704852', 2, 200, 'cash'),
  (35, '2026-06-09T12:19:33.507173', 3, 300, 'cash'),
  (36, '2026-06-09T12:20:13.752343', 1, 100, 'cash'),
  (37, '2026-06-09T12:22:01.711741', 4, 450, 'transfer'),
  (38, '2026-06-09T12:29:05.042395', 2, 200, 'cash'),
  (39, '2026-06-09T12:44:20.567987', 6, 900, 'transfer'),
  (40, '2026-06-09T13:55:31.752203', 2, 300, 'transfer'),
  (41, '2026-06-09T14:02:45.671237', 2, 200, 'cash'),
  (42, '2026-06-09T14:05:00.629942', 5, 550, 'transfer'),
  (43, '2026-06-09T14:12:21.503866', 1, 100, 'transfer'),
  (44, '2026-06-09T14:12:49.636142', 2, 200, 'cash'),
  (45, '2026-06-09T14:13:02.749363', 2, 250, 'cash'),
  (46, '2026-06-09T14:45:05.566781', 1, 100, 'transfer'),
  (47, '2026-06-09T14:46:23.517134', 4, 450, 'cash'),
  (48, '2026-06-09T14:46:33.393127', 3, 300, 'cash'),
  (49, '2026-06-09T14:49:07.147286', 2, 300, 'cash'),
  (50, '2026-06-09T14:54:40.061657', 3, 450, 'transfer'),
  (51, '2026-06-09T14:57:58.531518', 1, 100, 'cash'),
  (52, '2026-06-09T15:11:24.400841', 3, 300, 'cash'),
  (53, '2026-06-09T15:25:16.755248', 10, 1500, 'transfer'),
  (54, '2026-06-09T15:27:25.640095', 1, 100, 'cash'),
  (55, '2026-06-09T15:36:54.376331', 1, 100, 'cash'),
  (56, '2026-06-09T16:25:39.351687', 4, 550, 'cash'),
  (57, '2026-06-09T16:25:45.639494', 1, 150, 'cash'),
  (58, '2026-06-09T16:31:12.310501', 3, 300, 'transfer'),
  (59, '2026-06-09T16:31:18.364823', 2, 200, 'cash'),
  (60, '2026-06-09T16:31:49.767691', 1, 100, 'cash'),
  (61, '2026-06-09T16:33:10.582621', 1, 100, 'transfer'),
  (62, '2026-06-09T16:38:17.676025', 1, 100, 'cash'),
  (63, '2026-06-09T16:41:35.850715', 1, 100, 'cash'),
  (64, '2026-06-09T16:45:29.264108', 1, 150, 'cash'),
  (65, '2026-06-09T16:55:07.148408', 2, 300, 'cash'),
  (66, '2026-06-09T17:01:32.417601', 1, 100, 'cash'),
  (67, '2026-06-09T18:34:08.313196', 2, 200, 'transfer'),
  (68, '2026-06-09T18:34:14.645751', 1, 100, 'cash'),
  (69, '2026-06-09T18:39:32.912788', 2, 200, 'transfer'),
  (70, '2026-06-09T18:41:05.949035', 1, 150, 'transfer'),
  (71, '2026-06-09T18:41:50.365593', 3, 300, 'cash'),
  (72, '2026-06-09T19:01:16.942867', 4, 400, 'cash'),
  (73, '2026-06-09T19:14:23.339905', 4, 500, 'cash'),
  (76, '2026-06-10T12:24:10.181636', 1, 100, 'transfer'),
  (77, '2026-06-10T12:24:18.800997', 2, 200, 'cash'),
  (78, '2026-06-10T12:24:25.393755', 1, 100, 'cash'),
  (79, '2026-06-10T12:24:47.62383', 1, 150, 'cash'),
  (80, '2026-06-10T12:24:56.39294', 4, 400, 'cash'),
  (81, '2026-06-10T12:25:01.966192', 2, 200, 'cash'),
  (82, '2026-06-10T12:25:15.07636', 2, 250, 'cash'),
  (83, '2026-06-10T12:40:36.197166', 4, 450, 'cash'),
  (84, '2026-06-10T13:08:14.130813', 3, 400, 'cash'),
  (85, '2026-06-10T13:19:21.920941', 2, 200, 'cash'),
  (86, '2026-06-10T13:20:59.838467', 1, 100, 'cash'),
  (87, '2026-06-10T13:27:39.826615', 3, 300, 'transfer'),
  (88, '2026-06-10T13:27:48.232677', 3, 300, 'transfer'),
  (89, '2026-06-10T14:11:50.563941', 1, 100, 'cash'),
  (90, '2026-06-10T14:15:42.451619', 1, 100, 'cash'),
  (91, '2026-06-10T14:19:01.102594', 1, 100, 'transfer'),
  (92, '2026-06-10T14:19:29.564835', 3, 300, 'cash'),
  (93, '2026-06-10T14:33:50.092321', 1, 100, 'cash'),
  (94, '2026-06-10T14:36:26.796963', 1, 100, 'cash'),
  (95, '2026-06-10T14:38:15.310685', 1, 50, 'cash'),
  (96, '2026-06-10T14:40:43.899911', 1, 100, 'cash'),
  (97, '2026-06-10T14:49:55.446137', 1, 100, 'cash'),
  (98, '2026-06-10T14:55:36.955098', 2, 200, 'cash'),
  (99, '2026-06-10T14:57:00.382714', 3, 300, 'cash'),
  (100, '2026-06-10T17:14:20.025875', 3, 300, 'cash'),
  (101, '2026-06-10T17:14:29.623117', 1, 100, 'cash'),
  (102, '2026-06-10T17:15:14.667882', 4, 400, 'cash'),
  (103, '2026-06-10T17:15:46.00251', 2, 200, 'cash'),
  (104, '2026-06-10T17:16:33.62228', 3, 300, 'transfer'),
  (105, '2026-06-10T17:40:36.678773', 2, 200, 'cash'),
  (106, '2026-06-10T17:57:00.267837', 1, 100, 'cash'),
  (107, '2026-06-10T18:04:21.429354', 1, 100, 'cash'),
  (108, '2026-06-10T18:08:51.658714', 1, 100, 'cash'),
  (109, '2026-06-10T18:14:36.07641', 1, 100, 'transfer'),
  (110, '2026-06-10T18:19:10.538621', 4, 400, 'cash'),
  (111, '2026-06-10T19:27:49.324536', 5, 700, 'transfer'),
  (112, '2026-06-10T19:28:24.475582', 1, 150, 'cash'),
  (113, '2026-06-10T19:28:38.391329', 3, 300, 'cash'),
  (114, '2026-06-10T19:49:31.347243', 2, 250, 'transfer'),
  (115, '2026-06-10T19:59:00.326369', 2, 200, 'transfer'),
  (116, '2026-06-11T10:01:04.459966', 4, 400, 'cash'),
  (117, '2026-06-11T10:19:38.171663', 3, 250, 'cash'),
  (119, '2026-06-11T12:16:23.199896', 2, 200, 'cash'),
  (120, '2026-06-11T12:16:54.897202', 1, 100, 'transfer'),
  (121, '2026-06-11T12:17:55.697263', 5, 750, 'cash'),
  (122, '2026-06-11T12:35:38.77903', 1, 150, 'transfer'),
  (123, '2026-06-11T12:43:00.777221', 1, 100, 'cash'),
  (124, '2026-06-11T13:02:01.865812', 2, 200, 'cash'),
  (125, '2026-06-11T13:18:53.371011', 4, 400, 'transfer'),
  (126, '2026-06-11T13:22:32.908829', 3, 300, 'cash'),
  (127, '2026-06-11T13:22:37.781324', 1, 100, 'cash'),
  (128, '2026-06-11T13:32:33.257868', 1, 100, 'cash'),
  (129, '2026-06-11T13:39:41.140221', 2, 200, 'cash'),
  (130, '2026-06-11T14:02:32.635559', 1, 100, 'cash'),
  (131, '2026-06-11T14:02:40.745058', 2, 250, 'cash'),
  (132, '2026-06-11T14:02:48.018799', 2, 300, 'cash'),
  (133, '2026-06-11T14:27:29.73718', 7, 1050, 'cash'),
  (134, '2026-06-11T14:27:40.050431', 2, 200, 'cash'),
  (135, '2026-06-11T14:31:02.318219', 2, 300, 'transfer'),
  (136, '2026-06-11T14:43:21.595358', 1, 100, 'cash'),
  (137, '2026-06-11T15:11:20.679423', 1, 100, 'cash'),
  (138, '2026-06-11T15:16:32.908858', 11, 1650, 'cash'),
  (139, '2026-06-11T15:45:14.704097', 1, 150, 'cash'),
  (140, '2026-06-11T16:32:53.647639', 3, 300, 'transfer'),
  (142, '2026-06-11T16:48:52.437336', 1, 50, 'transfer'),
  (143, '2026-06-11T16:54:32.95413', 1, 100, 'cash'),
  (144, '2026-06-11T16:55:27.935191', 2, 300, 'transfer'),
  (145, '2026-06-11T17:34:06.677745', 4, 400, 'transfer'),
  (146, '2026-06-11T17:54:33.022148', 1, 100, 'cash'),
  (147, '2026-06-11T18:56:39.073977', 2, 250, 'cash'),
  (148, '2026-06-12T12:14:09.725135', 1, 100, 'transfer'),
  (149, '2026-06-12T12:14:34.619709', 5, 500, 'cash'),
  (150, '2026-06-12T12:15:02.856487', 6, 650, 'cash'),
  (151, '2026-06-12T12:18:50.842339', 2, 200, 'cash'),
  (152, '2026-06-12T12:26:00.359574', 2, 200, 'cash'),
  (153, '2026-06-12T12:34:29.189445', 1, 100, 'cash'),
  (154, '2026-06-12T12:34:33.463684', 2, 300, 'cash'),
  (155, '2026-06-12T12:37:42.638379', 1, 100, 'cash'),
  (156, '2026-06-12T13:03:41.328357', 1, 100, 'transfer'),
  (157, '2026-06-12T13:04:17.077308', 1, 100, 'cash'),
  (158, '2026-06-12T13:25:33.743292', 2, 200, 'cash'),
  (159, '2026-06-12T13:25:52.125785', 3, 300, 'cash'),
  (160, '2026-06-12T14:11:44.942825', 2, 200, 'transfer'),
  (161, '2026-06-12T14:12:07.029448', 5, 550, 'transfer'),
  (162, '2026-06-12T14:13:06.520396', 3, 350, 'cash'),
  (163, '2026-06-12T14:21:52.630492', 1, 100, 'cash'),
  (164, '2026-06-12T14:36:59.034811', 1, 100, 'cash'),
  (165, '2026-06-12T14:38:18.861841', 1, 100, 'cash'),
  (166, '2026-06-12T14:41:09.825219', 2, 200, 'transfer'),
  (167, '2026-06-12T15:53:20.8036', 1, 100, 'cash'),
  (168, '2026-06-12T16:37:22.512902', 2, 200, 'cash'),
  (169, '2026-06-12T16:40:40.388172', 2, 200, 'cash'),
  (170, '2026-06-12T16:57:04.833311', 1, 100, 'cash'),
  (171, '2026-06-12T17:04:54.33974', 3, 300, 'transfer'),
  (172, '2026-06-12T18:52:16.240858', 1, 150, 'transfer'),
  (173, '2026-06-12T19:12:55.337142', 1, 150, 'transfer'),
  (174, '2026-06-12T19:41:21.386863', 2, 200, 'transfer'),
  (175, '2026-06-12T19:51:35.453624', 1, 100, 'transfer');


-- Table: order_detail (215 rows)
INSERT INTO order_detail (detail_id, order_id, datetime, product_id_ref, free_itemtype, order_price, qty_sales, subtotal) VALUES
  (1, 1, '2026-06-08T13:43:17.503041', 4, FALSE, 100, 5, 500),
  (2, 1, '2026-06-08T13:43:17.503041', 1, FALSE, 100, 1, 100),
  (3, 2, '2026-06-08T13:52:03.375595', 4, FALSE, 100, 2, 200),
  (4, 3, '2026-06-08T13:52:38.269377', 3, FALSE, 100, 1, 100),
  (5, 4, '2026-06-08T13:52:52.026868', 4, FALSE, 100, 2, 200),
  (6, 5, '2026-06-08T13:53:32.015129', 3, FALSE, 100, 1, 100),
  (7, 6, '2026-06-08T13:53:43.576936', 4, FALSE, 100, 2, 200),
  (8, 7, '2026-06-08T13:53:50.725956', 5, FALSE, 100, 1, 100),
  (9, 8, '2026-06-08T13:56:45.394361', 4, FALSE, 100, 2, 200),
  (10, 8, '2026-06-08T13:56:45.394361', 2, FALSE, 100, 2, 200),
  (11, 8, '2026-06-08T13:56:45.394361', 3, FALSE, 100, 1, 100),
  (12, 8, '2026-06-08T13:56:45.394361', 1, FALSE, 100, 1, 100),
  (13, 9, '2026-06-08T15:19:52.464799', 4, FALSE, 100, 1, 100),
  (14, 10, '2026-06-08T16:13:08.944774', 4, FALSE, 100, 3, 300),
  (15, 11, '2026-06-08T16:18:00.542332', 4, FALSE, 100, 1, 100),
  (16, 12, '2026-06-08T16:24:08.220845', 4, FALSE, 100, 2, 200),
  (17, 13, '2026-06-08T16:50:03.781905', 3, FALSE, 100, 1, 100),
  (18, 14, '2026-06-08T16:59:26.993606', 4, FALSE, 100, 1, 100),
  (19, 15, '2026-06-08T17:01:02.283064', 2, FALSE, 100, 1, 100),
  (20, 16, '2026-06-08T17:17:24.930558', 4, FALSE, 100, 2, 200),
  (21, 17, '2026-06-08T17:58:45.38045', 3, FALSE, 100, 1, 100),
  (22, 18, '2026-06-08T18:12:55.627415', 2, FALSE, 100, 1, 100),
  (23, 19, '2026-06-08T18:14:59.467287', 4, FALSE, 100, 2, 200),
  (24, 20, '2026-06-08T18:19:56.196945', 3, FALSE, 100, 2, 200),
  (25, 21, '2026-06-08T18:31:53.347489', 4, FALSE, 100, 1, 100),
  (26, 22, '2026-06-08T19:01:01.378838', 4, FALSE, 100, 2, 200),
  (28, 24, '2026-06-09T10:14:36.227041', 9, FALSE, 100, 1, 100),
  (29, 25, '2026-06-09T10:23:44.745782', 4, FALSE, 100, 1, 100),
  (30, 26, '2026-06-09T10:23:50.764893', 4, FALSE, 100, 1, 100),
  (31, 27, '2026-06-09T11:21:11.301142', 9, FALSE, 100, 1, 100),
  (32, 28, '2026-06-09T11:21:45.170608', 8, FALSE, 150, 2, 300),
  (33, 29, '2026-06-09T11:22:37.814296', 9, FALSE, 100, 10, 1000),
  (34, 29, '2026-06-09T11:22:37.814296', 9, TRUE, 0, 1, 0),
  (35, 30, '2026-06-09T11:22:59.796823', 4, FALSE, 100, 1, 100),
  (36, 31, '2026-06-09T12:18:01.839686', 4, FALSE, 100, 1, 100),
  (37, 32, '2026-06-09T12:18:10.988013', 9, FALSE, 100, 5, 500),
  (38, 33, '2026-06-09T12:19:15.938149', 8, FALSE, 150, 1, 150),
  (39, 34, '2026-06-09T12:19:24.735176', 9, FALSE, 100, 2, 200),
  (40, 35, '2026-06-09T12:19:33.533965', 4, FALSE, 100, 3, 300),
  (41, 36, '2026-06-09T12:20:13.797958', 9, FALSE, 100, 1, 100),
  (42, 37, '2026-06-09T12:22:01.768618', 8, FALSE, 150, 1, 150),
  (43, 37, '2026-06-09T12:22:01.768618', 3, FALSE, 100, 2, 200),
  (44, 37, '2026-06-09T12:22:01.768618', 4, FALSE, 100, 1, 100),
  (45, 38, '2026-06-09T12:29:05.108807', 9, FALSE, 100, 2, 200),
  (46, 39, '2026-06-09T12:44:20.625074', 8, FALSE, 150, 6, 900),
  (47, 40, '2026-06-09T13:55:31.832098', 8, FALSE, 150, 2, 300),
  (48, 41, '2026-06-09T14:02:45.710755', 9, FALSE, 100, 1, 100),
  (49, 41, '2026-06-09T14:02:45.710755', 3, FALSE, 100, 1, 100),
  (50, 42, '2026-06-09T14:05:00.704258', 8, FALSE, 150, 1, 150),
  (51, 42, '2026-06-09T14:05:00.704258', 2, FALSE, 100, 4, 400),
  (52, 43, '2026-06-09T14:12:21.599349', 1, FALSE, 100, 1, 100),
  (53, 44, '2026-06-09T14:12:49.69827', 4, FALSE, 100, 2, 200),
  (54, 45, '2026-06-09T14:13:02.819807', 8, FALSE, 150, 1, 150),
  (55, 45, '2026-06-09T14:13:02.819807', 5, FALSE, 100, 1, 100),
  (56, 46, '2026-06-09T14:45:05.605265', 3, FALSE, 100, 1, 100),
  (57, 47, '2026-06-09T14:46:23.54505', 9, FALSE, 100, 2, 200),
  (58, 47, '2026-06-09T14:46:23.54505', 3, FALSE, 100, 1, 100),
  (59, 47, '2026-06-09T14:46:23.54505', 8, FALSE, 150, 1, 150),
  (60, 48, '2026-06-09T14:46:33.416611', 9, FALSE, 100, 3, 300),
  (61, 49, '2026-06-09T14:49:07.190153', 8, FALSE, 150, 2, 300),
  (62, 50, '2026-06-09T14:54:40.192808', 8, FALSE, 150, 3, 450),
  (63, 51, '2026-06-09T14:57:58.579267', 4, FALSE, 100, 1, 100),
  (64, 52, '2026-06-09T15:11:24.437288', 4, FALSE, 100, 2, 200),
  (65, 52, '2026-06-09T15:11:24.437288', 9, FALSE, 100, 1, 100),
  (66, 53, '2026-06-09T15:25:16.814512', 8, FALSE, 150, 10, 1500),
  (67, 54, '2026-06-09T15:27:25.676571', 1, FALSE, 100, 1, 100),
  (68, 55, '2026-06-09T15:36:54.409209', 1, FALSE, 100, 1, 100),
  (69, 56, '2026-06-09T16:25:39.408149', 8, FALSE, 150, 3, 450),
  (70, 56, '2026-06-09T16:25:39.408149', 5, FALSE, 100, 1, 100),
  (71, 57, '2026-06-09T16:25:45.673427', 8, FALSE, 150, 1, 150),
  (72, 58, '2026-06-09T16:31:12.35333', 9, FALSE, 100, 3, 300),
  (73, 59, '2026-06-09T16:31:18.391518', 9, FALSE, 100, 2, 200),
  (74, 60, '2026-06-09T16:31:49.797381', 9, FALSE, 100, 1, 100),
  (75, 61, '2026-06-09T16:33:10.620242', 4, FALSE, 100, 1, 100),
  (76, 62, '2026-06-09T16:38:17.725081', 9, FALSE, 100, 1, 100),
  (77, 63, '2026-06-09T16:41:35.926827', 5, FALSE, 100, 1, 100),
  (78, 64, '2026-06-09T16:45:29.307096', 8, FALSE, 150, 1, 150),
  (79, 65, '2026-06-09T16:55:07.184966', 8, FALSE, 150, 2, 300),
  (80, 66, '2026-06-09T17:01:32.45853', 9, FALSE, 100, 1, 100),
  (81, 67, '2026-06-09T18:34:08.398947', 4, FALSE, 100, 1, 100),
  (82, 67, '2026-06-09T18:34:08.398947', 3, FALSE, 100, 1, 100),
  (83, 68, '2026-06-09T18:34:14.680546', 9, FALSE, 100, 1, 100),
  (84, 69, '2026-06-09T18:39:32.955178', 5, FALSE, 100, 2, 200),
  (85, 70, '2026-06-09T18:41:05.97668', 8, FALSE, 150, 1, 150),
  (86, 71, '2026-06-09T18:41:50.459713', 9, FALSE, 100, 3, 300),
  (92, 23, '2026-06-09T20:38:58.9969', 4, FALSE, 100, 1, 100),
  (93, 73, '2026-06-09T20:50:53.713544', 8, FALSE, 150, 2, 300),
  (94, 73, '2026-06-09T20:50:53.713544', 2, FALSE, 100, 1, 100),
  (95, 73, '2026-06-09T20:50:53.713544', 4, FALSE, 100, 1, 100),
  (96, 72, '2026-06-09T21:48:11.805029', 9, FALSE, 100, 4, 400),
  (99, 76, '2026-06-10T12:24:10.255849', 4, FALSE, 100, 1, 100),
  (100, 77, '2026-06-10T12:24:18.827796', 4, FALSE, 100, 2, 200),
  (101, 78, '2026-06-10T12:24:25.423444', 9, FALSE, 100, 1, 100),
  (102, 79, '2026-06-10T12:24:47.666589', 8, FALSE, 150, 1, 150),
  (103, 80, '2026-06-10T12:24:56.416812', 9, FALSE, 100, 4, 400),
  (104, 81, '2026-06-10T12:25:01.995909', 4, FALSE, 100, 2, 200),
  (105, 82, '2026-06-10T12:25:15.106501', 9, FALSE, 100, 1, 100),
  (106, 82, '2026-06-10T12:25:15.106501', 8, FALSE, 150, 1, 150),
  (107, 83, '2026-06-10T12:40:36.246905', 8, FALSE, 150, 1, 150),
  (108, 83, '2026-06-10T12:40:36.246905', 9, FALSE, 100, 3, 300),
  (109, 84, '2026-06-10T13:08:14.194424', 8, FALSE, 150, 2, 300),
  (110, 84, '2026-06-10T13:08:14.194424', 4, FALSE, 100, 1, 100),
  (111, 85, '2026-06-10T13:19:21.981743', 9, FALSE, 100, 2, 200),
  (112, 86, '2026-06-10T13:20:59.878605', 9, FALSE, 100, 1, 100),
  (113, 87, '2026-06-10T13:27:39.877573', 9, FALSE, 100, 3, 300),
  (114, 88, '2026-06-10T13:27:48.280806', 4, FALSE, 100, 2, 200),
  (115, 88, '2026-06-10T13:27:48.280806', 3, FALSE, 100, 1, 100),
  (116, 89, '2026-06-10T14:11:50.623846', 9, FALSE, 100, 1, 100),
  (117, 90, '2026-06-10T14:15:42.598064', 9, FALSE, 100, 1, 100),
  (118, 91, '2026-06-10T14:19:01.149298', 4, FALSE, 100, 1, 100),
  (119, 92, '2026-06-10T14:19:29.613683', 4, FALSE, 100, 3, 300),
  (120, 93, '2026-06-10T14:33:50.13884', 4, FALSE, 100, 1, 100),
  (121, 94, '2026-06-10T14:36:26.835375', 9, FALSE, 100, 1, 100),
  (123, 96, '2026-06-10T14:40:43.964285', 4, FALSE, 100, 1, 100),
  (124, 97, '2026-06-10T14:49:55.499842', 4, FALSE, 100, 1, 100),
  (125, 98, '2026-06-10T14:55:37.00657', 9, FALSE, 100, 2, 200),
  (126, 99, '2026-06-10T14:57:00.478367', 9, FALSE, 100, 3, 300),
  (127, 100, '2026-06-10T17:14:20.115316', 9, FALSE, 100, 1, 100),
  (128, 100, '2026-06-10T17:14:20.115316', 5, FALSE, 100, 2, 200),
  (129, 101, '2026-06-10T17:14:29.678331', 9, FALSE, 100, 1, 100),
  (130, 102, '2026-06-10T17:15:14.753509', 4, FALSE, 100, 3, 300),
  (131, 102, '2026-06-10T17:15:14.753509', 9, FALSE, 100, 1, 100),
  (132, 103, '2026-06-10T17:15:46.037635', 9, FALSE, 100, 2, 200),
  (133, 104, '2026-06-10T17:16:33.656728', 3, FALSE, 100, 1, 100),
  (134, 104, '2026-06-10T17:16:33.656728', 9, FALSE, 100, 1, 100),
  (135, 104, '2026-06-10T17:16:33.656728', 4, FALSE, 100, 1, 100),
  (136, 105, '2026-06-10T17:40:36.739817', 9, FALSE, 100, 2, 200),
  (137, 106, '2026-06-10T17:57:00.320254', 9, FALSE, 100, 1, 100),
  (138, 107, '2026-06-10T18:04:21.479698', 5, FALSE, 100, 1, 100),
  (139, 108, '2026-06-10T18:08:51.706734', 2, FALSE, 100, 1, 100),
  (140, 109, '2026-06-10T18:14:36.152374', 4, FALSE, 100, 1, 100),
  (141, 110, '2026-06-10T18:19:10.585618', 4, FALSE, 100, 4, 400),
  (142, 111, '2026-06-10T19:27:49.413582', 8, FALSE, 150, 4, 600),
  (143, 111, '2026-06-10T19:27:49.413582', 4, FALSE, 100, 1, 100),
  (144, 112, '2026-06-10T19:28:24.519732', 8, FALSE, 150, 1, 150),
  (145, 113, '2026-06-10T19:28:38.417871', 9, FALSE, 100, 2, 200),
  (146, 113, '2026-06-10T19:28:38.417871', 5, FALSE, 100, 1, 100),
  (147, 114, '2026-06-10T19:49:31.41629', 5, FALSE, 100, 1, 100),
  (148, 114, '2026-06-10T19:49:31.41629', 8, FALSE, 150, 1, 150),
  (149, 115, '2026-06-10T19:59:00.378524', 5, FALSE, 100, 2, 200),
  (150, 116, '2026-06-11T10:01:04.526394', 1, FALSE, 100, 2, 200),
  (151, 116, '2026-06-11T10:01:04.526394', 4, FALSE, 100, 2, 200),
  (152, 117, '2026-06-11T10:19:38.262778', 1, FALSE, 100, 1, 100),
  (153, 117, '2026-06-11T10:19:38.262778', 4, FALSE, 100, 1, 100),
  (154, 117, '2026-06-11T10:19:38.262778', 7, FALSE, 50, 1, 50),
  (156, 119, '2026-06-11T12:16:23.302824', 9, FALSE, 100, 2, 200),
  (157, 120, '2026-06-11T12:16:54.940405', 5, FALSE, 100, 1, 100),
  (158, 121, '2026-06-11T12:17:55.739005', 8, FALSE, 150, 5, 750),
  (159, 122, '2026-06-11T12:35:38.831164', 8, FALSE, 150, 1, 150),
  (161, 124, '2026-06-11T13:02:01.935674', 4, FALSE, 100, 2, 200),
  (162, 125, '2026-06-11T13:18:53.491536', 3, FALSE, 100, 1, 100),
  (163, 125, '2026-06-11T13:18:53.491536', 2, FALSE, 100, 3, 300),
  (164, 123, '2026-06-11T13:20:53.186939', 9, FALSE, 100, 1, 100),
  (165, 126, '2026-06-11T13:22:32.957768', 4, FALSE, 100, 3, 300),
  (166, 127, '2026-06-11T13:22:37.807698', 9, FALSE, 100, 1, 100),
  (167, 128, '2026-06-11T13:32:33.29972', 9, FALSE, 100, 1, 100),
  (168, 129, '2026-06-11T13:39:41.234215', 4, FALSE, 100, 2, 200),
  (169, 130, '2026-06-11T14:02:32.705344', 9, FALSE, 100, 1, 100),
  (170, 131, '2026-06-11T14:02:40.792424', 4, FALSE, 100, 1, 100),
  (171, 131, '2026-06-11T14:02:40.792424', 8, FALSE, 150, 1, 150),
  (172, 132, '2026-06-11T14:02:48.049289', 8, FALSE, 150, 2, 300),
  (173, 133, '2026-06-11T14:27:29.803621', 8, FALSE, 150, 7, 1050),
  (174, 134, '2026-06-11T14:27:40.083374', 4, FALSE, 100, 2, 200),
  (175, 135, '2026-06-11T14:31:02.393988', 8, FALSE, 150, 2, 300),
  (176, 136, '2026-06-11T14:43:21.67779', 3, FALSE, 100, 1, 100),
  (177, 137, '2026-06-11T15:11:20.760063', 4, FALSE, 100, 1, 100),
  (178, 138, '2026-06-11T15:16:32.986368', 8, FALSE, 150, 11, 1650),
  (179, 139, '2026-06-11T15:45:14.763823', 8, FALSE, 150, 1, 150),
  (180, 140, '2026-06-11T16:32:53.754135', 9, FALSE, 100, 2, 200),
  (181, 140, '2026-06-11T16:32:53.754135', 4, FALSE, 100, 1, 100),
  (184, 142, '2026-06-11T16:48:52.497748', 9, FALSE, 50, 1, 50),
  (185, 143, '2026-06-11T16:54:33.008437', 3, FALSE, 100, 1, 100),
  (186, 144, '2026-06-11T16:55:28.017371', 8, FALSE, 150, 2, 300),
  (187, 145, '2026-06-11T17:34:06.847456', 9, FALSE, 100, 1, 100),
  (188, 145, '2026-06-11T17:34:06.847456', 4, FALSE, 100, 3, 300),
  (189, 146, '2026-06-11T17:54:33.099541', 5, FALSE, 100, 1, 100),
  (190, 147, '2026-06-11T18:56:39.132369', 4, FALSE, 100, 1, 100),
  (191, 147, '2026-06-11T18:56:39.132369', 8, FALSE, 150, 1, 150),
  (192, 148, '2026-06-12T12:14:09.795364', 1, FALSE, 100, 1, 100),
  (193, 149, '2026-06-12T12:14:34.689897', 4, FALSE, 100, 1, 100),
  (194, 149, '2026-06-12T12:14:34.689897', 9, FALSE, 100, 4, 400),
  (195, 150, '2026-06-12T12:15:02.959546', 1, FALSE, 100, 1, 100),
  (196, 150, '2026-06-12T12:15:02.959546', 3, FALSE, 100, 1, 100),
  (197, 150, '2026-06-12T12:15:02.959546', 8, FALSE, 150, 1, 150),
  (198, 150, '2026-06-12T12:15:02.959546', 9, FALSE, 100, 3, 300),
  (199, 151, '2026-06-12T12:18:50.888654', 4, FALSE, 100, 2, 200),
  (200, 152, '2026-06-12T12:26:00.40005', 4, FALSE, 100, 2, 200),
  (201, 153, '2026-06-12T12:34:29.25715', 4, FALSE, 100, 1, 100),
  (202, 154, '2026-06-12T12:34:33.488632', 8, FALSE, 150, 2, 300),
  (203, 155, '2026-06-12T12:37:42.694183', 4, FALSE, 100, 1, 100),
  (204, 156, '2026-06-12T13:03:41.410127', 9, FALSE, 100, 1, 100),
  (205, 157, '2026-06-12T13:04:17.116085', 4, FALSE, 100, 1, 100),
  (206, 158, '2026-06-12T13:25:33.840496', 3, FALSE, 100, 2, 200),
  (207, 159, '2026-06-12T13:25:52.18699', 1, FALSE, 100, 1, 100),
  (208, 159, '2026-06-12T13:25:52.18699', 2, FALSE, 100, 1, 100),
  (209, 159, '2026-06-12T13:25:52.18699', 4, FALSE, 100, 1, 100),
  (210, 160, '2026-06-12T14:11:45.016168', 9, FALSE, 100, 2, 200),
  (211, 161, '2026-06-12T14:12:07.138522', 4, FALSE, 100, 1, 100),
  (212, 161, '2026-06-12T14:12:07.138522', 8, FALSE, 150, 1, 150),
  (213, 161, '2026-06-12T14:12:07.138522', 9, FALSE, 100, 3, 300),
  (214, 162, '2026-06-12T14:13:06.65201', 8, FALSE, 150, 1, 150),
  (215, 162, '2026-06-12T14:13:06.65201', 3, FALSE, 100, 2, 200),
  (216, 163, '2026-06-12T14:21:52.739052', 3, FALSE, 100, 1, 100),
  (217, 164, '2026-06-12T14:36:59.097029', 3, FALSE, 100, 1, 100),
  (218, 165, '2026-06-12T14:38:18.921177', 3, FALSE, 100, 1, 100),
  (219, 166, '2026-06-12T14:41:09.866801', 9, FALSE, 100, 2, 200),
  (220, 167, '2026-06-12T15:53:20.900505', 9, FALSE, 100, 1, 100),
  (221, 168, '2026-06-12T16:37:22.57302', 5, FALSE, 100, 2, 200),
  (222, 169, '2026-06-12T16:40:40.455705', 9, FALSE, 100, 2, 200),
  (223, 170, '2026-06-12T16:57:04.89558', 1, FALSE, 100, 1, 100),
  (224, 171, '2026-06-12T17:04:54.393978', 4, FALSE, 100, 3, 300),
  (225, 172, '2026-06-12T18:52:16.303396', 8, FALSE, 150, 1, 150),
  (226, 173, '2026-06-12T19:12:55.408287', 8, FALSE, 150, 1, 150),
  (227, 174, '2026-06-12T19:41:21.46146', 4, FALSE, 100, 2, 200),
  (228, 175, '2026-06-12T19:51:35.524289', 1, FALSE, 100, 1, 100);


-- expenses: no data

SET session_replication_role = DEFAULT;