-- GibStock Database Backup
-- วันที่: 2026-06-21_21-44-41
-- ────────────────────────────

SET session_replication_role = replica;

-- Table: product_type (9 rows)
INSERT INTO product_type (product_id, product_name, price, initial_stock, created_at, status) VALUES
  (1, 'เสื้อขาว', 100, 0, '2026-06-08T09:04:57.537093', 'active'),
  (2, 'เสื้อคลุม', 100, 0, '2026-06-08T09:05:13.797892', 'active'),
  (3, 'เสื้อดำ', 100, 0, '2026-06-08T09:17:27.959191', 'active'),
  (4, 'แฟชั่นรวมวัย', 100, 0, '2026-06-08T09:17:50.814706', 'active'),
  (5, 'กระโปรง', 100, 0, '2026-06-08T09:18:18.088354', 'active'),
  (6, 'เสื้อบนหุ่น', 100, 0, '2026-06-08T09:19:07.007583', 'active'),
  (7, 'เสื้อเด็ก', 50, 0, '2026-06-08T09:19:35.602131', 'active'),
  (8, 'เดรส', 150, 0, '2026-06-08T22:34:10.609789', 'active'),
  (9, 'เสื้อผู้ชาย', 100, 0, '2026-06-08T22:37:06.69633', 'active');


-- Table: stock (46 rows)
INSERT INTO stock (stock_id, product_id, product_name, qty_added, added_at) VALUES
  (1, 1, 'เสื้อขาว', 160, '2026-06-08T09:20:04.770733'),
  (2, 3, 'เสื้อดำ', 223, '2026-06-08T09:20:18.07386'),
  (3, 7, 'เสื้อเด็ก', 24, '2026-06-08T09:20:35.35658'),
  (4, 4, 'แฟชั่นรวมวัย', 607, '2026-06-08T09:20:51.997349'),
  (5, 5, 'กระโปรง', 181, '2026-06-08T09:21:16.862635'),
  (6, 2, 'เสื้อคลุม', 99, '2026-06-08T09:21:32.213668'),
  (7, 6, 'เสื้อบนหุ่น', 3, '2026-06-08T09:21:41.74418'),
  (8, 6, 'เสื้อบนหุ่น', 2, '2026-06-08T22:34:47.790057'),
  (9, 9, 'เสื้อผู้ชาย', 420, '2026-06-09T09:57:42.344371'),
  (10, 8, 'เดรส', 450, '2026-06-09T09:58:07.627709'),
  (11, 5, 'กระโปรง', 100, '2026-06-09T12:39:36.032344'),
  (12, 9, 'เสื้อผู้ชาย', 211, '2026-06-09T12:40:14.94568'),
  (13, 8, 'เดรส', 80, '2026-06-09T12:40:40.269718'),
  (14, 4, 'แฟชั่นรวมวัย', 50, '2026-06-09T12:41:42.08603'),
  (15, 4, 'แฟชั่นรวมวัย', 60, '2026-06-10T13:23:56.686972'),
  (17, 1, 'เสื้อขาว', 50, '2026-06-10T17:27:49.30355'),
  (18, 2, 'เสื้อคลุม', 50, '2026-06-10T17:28:19.633981'),
  (19, 8, 'เดรส', 50, '2026-06-10T17:29:37.751469'),
  (20, 9, 'เสื้อผู้ชาย', 122, '2026-06-10T22:16:46.545609'),
  (22, 3, 'เสื้อดำ', 47, '2026-06-12T14:15:18.947304'),
  (23, 4, 'แฟชั่นรวมวัย', 1, '2026-06-12T14:16:22.605318'),
  (24, 5, 'กระโปรง', 40, '2026-06-12T14:16:48.102335'),
  (25, 7, 'เสื้อเด็ก', 4, '2026-06-12T14:17:11.782445'),
  (26, 8, 'เดรส', 50, '2026-06-12T14:17:35.596716'),
  (27, 4, 'แฟชั่นรวมวัย', 7, '2026-06-12T17:20:25.610585'),
  (28, 2, 'เสื้อคลุม', 1, '2026-06-15T13:05:13.149065'),
  (29, 3, 'เสื้อดำ', 30, '2026-06-15T13:05:39.600966'),
  (30, 4, 'แฟชั่นรวมวัย', 49, '2026-06-15T13:06:33.361816'),
  (31, 5, 'กระโปรง', 40, '2026-06-15T13:07:01.28068'),
  (32, 8, 'เดรส', 50, '2026-06-15T13:07:30.156432'),
  (33, 9, 'เสื้อผู้ชาย', 40, '2026-06-15T13:07:57.654598'),
  (34, 9, 'เสื้อผู้ชาย', 56, '2026-06-16T12:59:46.495706'),
  (35, 2, 'เสื้อคลุม', 1, '2026-06-16T16:36:00.169816'),
  (36, 4, 'แฟชั่นรวมวัย', 30, '2026-06-17T11:18:15.258804'),
  (37, 4, 'แฟชั่นรวมวัย', 50, '2026-06-17T13:21:20.744792'),
  (38, 3, 'เสื้อดำ', 3, '2026-06-18T13:06:08.440351'),
  (39, 2, 'เสื้อคลุม', 1, '2026-06-20T13:38:50.314736'),
  (40, 3, 'เสื้อดำ', 26, '2026-06-20T13:39:17.476711'),
  (41, 8, 'เดรส', 83, '2026-06-20T13:40:38.778563'),
  (42, 9, 'เสื้อผู้ชาย', 195, '2026-06-20T13:41:21.879395'),
  (43, 3, 'เสื้อดำ', 3, '2026-06-21T12:56:17.292875'),
  (44, 2, 'เสื้อคลุม', 1, '2026-06-21T12:56:33.169936'),
  (45, 9, 'เสื้อผู้ชาย', 5, '2026-06-21T13:10:10.536145'),
  (46, 9, 'เสื้อผู้ชาย', 5, '2026-06-21T13:10:11.881223'),
  (47, 3, 'เสื้อดำ', 1, '2026-06-21T13:13:21.113622'),
  (48, 8, 'เดรส', 80, '2026-06-21T16:37:38.544045');


-- Table: orders (520 rows)
INSERT INTO orders (order_id, date, total_qty, grand_total, payment_method) VALUES
  (1, '2026-06-08T13:43:17.429256', 6, 600, 'transfer'),
  (2, '2026-06-08T13:52:03.303591', 2, 200, 'cash'),
  (3, '2026-06-08T13:52:38.242085', 1, 100, 'cash'),
  (4, '2026-06-08T13:52:51.996708', 2, 200, 'cash'),
  (5, '2026-06-08T13:53:31.974862', 1, 100, 'cash'),
  (6, '2026-06-08T13:53:43.550581', 2, 200, 'cash'),
  (7, '2026-06-08T13:53:50.702747', 1, 100, 'cash'),
  (8, '2026-06-08T13:56:45.348298', 6, 600, 'cash'),
  (9, '2026-06-08T15:19:52.400157', 1, 100, 'cash'),
  (10, '2026-06-08T16:13:08.877776', 3, 300, 'cash'),
  (11, '2026-06-08T16:18:00.47666', 1, 100, 'cash'),
  (12, '2026-06-08T16:24:08.181014', 2, 200, 'cash'),
  (13, '2026-06-08T16:50:03.737269', 1, 100, 'transfer'),
  (14, '2026-06-08T16:59:26.95949', 1, 100, 'cash'),
  (15, '2026-06-08T17:01:02.236358', 1, 100, 'cash'),
  (16, '2026-06-08T17:17:24.868637', 2, 200, 'cash'),
  (17, '2026-06-08T17:58:45.311222', 1, 100, 'cash'),
  (18, '2026-06-08T18:12:55.579882', 1, 100, 'cash'),
  (19, '2026-06-08T18:14:59.396512', 2, 200, 'cash'),
  (20, '2026-06-08T18:19:56.150397', 2, 200, 'cash'),
  (21, '2026-06-08T18:31:53.281634', 1, 100, 'cash'),
  (22, '2026-06-08T19:01:01.306287', 2, 200, 'cash'),
  (23, '2026-06-09T09:58:20.346606', 1, 100, 'cash'),
  (24, '2026-06-09T10:14:36.191453', 1, 100, 'transfer'),
  (25, '2026-06-09T10:23:44.696113', 1, 100, 'cash'),
  (26, '2026-06-09T10:23:50.735735', 1, 100, 'transfer'),
  (27, '2026-06-09T11:21:11.248988', 1, 100, 'transfer'),
  (28, '2026-06-09T11:21:45.150037', 2, 300, 'transfer'),
  (29, '2026-06-09T11:22:37.770417', 11, 1000, 'transfer'),
  (30, '2026-06-09T11:22:59.772807', 1, 100, 'cash'),
  (31, '2026-06-09T12:18:01.793406', 1, 100, 'cash'),
  (32, '2026-06-09T12:18:10.946549', 5, 500, 'cash'),
  (33, '2026-06-09T12:19:15.908335', 1, 150, 'cash'),
  (34, '2026-06-09T12:19:24.704852', 2, 200, 'cash'),
  (35, '2026-06-09T12:19:33.507173', 3, 300, 'cash'),
  (36, '2026-06-09T12:20:13.752343', 1, 100, 'cash'),
  (37, '2026-06-09T12:22:01.711741', 4, 450, 'transfer'),
  (38, '2026-06-09T12:29:05.042395', 2, 200, 'cash'),
  (39, '2026-06-09T12:44:20.567987', 6, 900, 'transfer'),
  (40, '2026-06-09T13:55:31.752203', 2, 300, 'transfer'),
  (41, '2026-06-09T14:02:45.671237', 2, 200, 'cash'),
  (42, '2026-06-09T14:05:00.629942', 5, 550, 'transfer'),
  (43, '2026-06-09T14:12:21.503866', 1, 100, 'transfer'),
  (44, '2026-06-09T14:12:49.636142', 2, 200, 'cash'),
  (45, '2026-06-09T14:13:02.749363', 2, 250, 'cash'),
  (46, '2026-06-09T14:45:05.566781', 1, 100, 'transfer'),
  (47, '2026-06-09T14:46:23.517134', 4, 450, 'cash'),
  (48, '2026-06-09T14:46:33.393127', 3, 300, 'cash'),
  (49, '2026-06-09T14:49:07.147286', 2, 300, 'cash'),
  (50, '2026-06-09T14:54:40.061657', 3, 450, 'transfer'),
  (51, '2026-06-09T14:57:58.531518', 1, 100, 'cash'),
  (52, '2026-06-09T15:11:24.400841', 3, 300, 'cash'),
  (53, '2026-06-09T15:25:16.755248', 10, 1500, 'transfer'),
  (54, '2026-06-09T15:27:25.640095', 1, 100, 'cash'),
  (55, '2026-06-09T15:36:54.376331', 1, 100, 'cash'),
  (56, '2026-06-09T16:25:39.351687', 4, 550, 'cash'),
  (57, '2026-06-09T16:25:45.639494', 1, 150, 'cash'),
  (58, '2026-06-09T16:31:12.310501', 3, 300, 'transfer'),
  (59, '2026-06-09T16:31:18.364823', 2, 200, 'cash'),
  (60, '2026-06-09T16:31:49.767691', 1, 100, 'cash'),
  (61, '2026-06-09T16:33:10.582621', 1, 100, 'transfer'),
  (62, '2026-06-09T16:38:17.676025', 1, 100, 'cash'),
  (63, '2026-06-09T16:41:35.850715', 1, 100, 'cash'),
  (64, '2026-06-09T16:45:29.264108', 1, 150, 'cash'),
  (65, '2026-06-09T16:55:07.148408', 2, 300, 'cash'),
  (66, '2026-06-09T17:01:32.417601', 1, 100, 'cash'),
  (67, '2026-06-09T18:34:08.313196', 2, 200, 'transfer'),
  (68, '2026-06-09T18:34:14.645751', 1, 100, 'cash'),
  (69, '2026-06-09T18:39:32.912788', 2, 200, 'transfer'),
  (70, '2026-06-09T18:41:05.949035', 1, 150, 'transfer'),
  (71, '2026-06-09T18:41:50.365593', 3, 300, 'cash'),
  (72, '2026-06-09T19:01:16.942867', 4, 400, 'cash'),
  (73, '2026-06-09T19:14:23.339905', 4, 500, 'cash'),
  (76, '2026-06-10T12:24:10.181636', 1, 100, 'transfer'),
  (77, '2026-06-10T12:24:18.800997', 2, 200, 'cash'),
  (78, '2026-06-10T12:24:25.393755', 1, 100, 'cash'),
  (79, '2026-06-10T12:24:47.62383', 1, 150, 'cash'),
  (80, '2026-06-10T12:24:56.39294', 4, 400, 'cash'),
  (81, '2026-06-10T12:25:01.966192', 2, 200, 'cash'),
  (82, '2026-06-10T12:25:15.07636', 2, 250, 'cash'),
  (83, '2026-06-10T12:40:36.197166', 4, 450, 'cash'),
  (84, '2026-06-10T13:08:14.130813', 3, 400, 'cash'),
  (85, '2026-06-10T13:19:21.920941', 2, 200, 'cash'),
  (86, '2026-06-10T13:20:59.838467', 1, 100, 'cash'),
  (87, '2026-06-10T13:27:39.826615', 3, 300, 'transfer'),
  (88, '2026-06-10T13:27:48.232677', 3, 300, 'transfer'),
  (89, '2026-06-10T14:11:50.563941', 1, 100, 'cash'),
  (90, '2026-06-10T14:15:42.451619', 1, 100, 'cash'),
  (91, '2026-06-10T14:19:01.102594', 1, 100, 'transfer'),
  (92, '2026-06-10T14:19:29.564835', 3, 300, 'cash'),
  (93, '2026-06-10T14:33:50.092321', 1, 100, 'cash'),
  (94, '2026-06-10T14:36:26.796963', 1, 100, 'cash'),
  (95, '2026-06-10T14:38:15.310685', 1, 50, 'cash'),
  (96, '2026-06-10T14:40:43.899911', 1, 100, 'cash'),
  (97, '2026-06-10T14:49:55.446137', 1, 100, 'cash'),
  (98, '2026-06-10T14:55:36.955098', 2, 200, 'cash'),
  (99, '2026-06-10T14:57:00.382714', 3, 300, 'cash'),
  (100, '2026-06-10T17:14:20.025875', 3, 300, 'cash'),
  (101, '2026-06-10T17:14:29.623117', 1, 100, 'cash'),
  (102, '2026-06-10T17:15:14.667882', 4, 400, 'cash'),
  (103, '2026-06-10T17:15:46.00251', 2, 200, 'cash'),
  (104, '2026-06-10T17:16:33.62228', 3, 300, 'transfer'),
  (105, '2026-06-10T17:40:36.678773', 2, 200, 'cash'),
  (106, '2026-06-10T17:57:00.267837', 1, 100, 'cash'),
  (107, '2026-06-10T18:04:21.429354', 1, 100, 'cash'),
  (108, '2026-06-10T18:08:51.658714', 1, 100, 'cash'),
  (109, '2026-06-10T18:14:36.07641', 1, 100, 'transfer'),
  (110, '2026-06-10T18:19:10.538621', 4, 400, 'cash'),
  (111, '2026-06-10T19:27:49.324536', 5, 700, 'transfer'),
  (112, '2026-06-10T19:28:24.475582', 1, 150, 'cash'),
  (113, '2026-06-10T19:28:38.391329', 3, 300, 'cash'),
  (114, '2026-06-10T19:49:31.347243', 2, 250, 'transfer'),
  (115, '2026-06-10T19:59:00.326369', 2, 200, 'transfer'),
  (116, '2026-06-11T10:01:04.459966', 4, 400, 'cash'),
  (117, '2026-06-11T10:19:38.171663', 3, 250, 'cash'),
  (119, '2026-06-11T12:16:23.199896', 2, 200, 'cash'),
  (120, '2026-06-11T12:16:54.897202', 1, 100, 'transfer'),
  (121, '2026-06-11T12:17:55.697263', 5, 750, 'cash'),
  (122, '2026-06-11T12:35:38.77903', 1, 150, 'transfer'),
  (123, '2026-06-11T12:43:00.777221', 1, 100, 'cash'),
  (124, '2026-06-11T13:02:01.865812', 2, 200, 'cash'),
  (125, '2026-06-11T13:18:53.371011', 4, 400, 'transfer'),
  (126, '2026-06-11T13:22:32.908829', 3, 300, 'cash'),
  (127, '2026-06-11T13:22:37.781324', 1, 100, 'cash'),
  (128, '2026-06-11T13:32:33.257868', 1, 100, 'cash'),
  (129, '2026-06-11T13:39:41.140221', 2, 200, 'cash'),
  (130, '2026-06-11T14:02:32.635559', 1, 100, 'cash'),
  (131, '2026-06-11T14:02:40.745058', 2, 250, 'cash'),
  (132, '2026-06-11T14:02:48.018799', 2, 300, 'cash'),
  (133, '2026-06-11T14:27:29.73718', 7, 1050, 'cash'),
  (134, '2026-06-11T14:27:40.050431', 2, 200, 'cash'),
  (135, '2026-06-11T14:31:02.318219', 2, 300, 'transfer'),
  (136, '2026-06-11T14:43:21.595358', 1, 100, 'cash'),
  (137, '2026-06-11T15:11:20.679423', 1, 100, 'cash'),
  (138, '2026-06-11T15:16:32.908858', 11, 1650, 'cash'),
  (139, '2026-06-11T15:45:14.704097', 1, 150, 'cash'),
  (140, '2026-06-11T16:32:53.647639', 3, 300, 'transfer'),
  (142, '2026-06-11T16:48:52.437336', 1, 50, 'transfer'),
  (143, '2026-06-11T16:54:32.95413', 1, 100, 'cash'),
  (144, '2026-06-11T16:55:27.935191', 2, 300, 'transfer'),
  (145, '2026-06-11T17:34:06.677745', 4, 400, 'transfer'),
  (146, '2026-06-11T17:54:33.022148', 1, 100, 'cash'),
  (147, '2026-06-11T18:56:39.073977', 2, 250, 'cash'),
  (148, '2026-06-12T12:14:09.725135', 1, 100, 'transfer'),
  (149, '2026-06-12T12:14:34.619709', 5, 500, 'cash'),
  (150, '2026-06-12T12:15:02.856487', 6, 650, 'cash'),
  (151, '2026-06-12T12:18:50.842339', 2, 200, 'cash'),
  (152, '2026-06-12T12:26:00.359574', 2, 200, 'cash'),
  (153, '2026-06-12T12:34:29.189445', 1, 100, 'cash'),
  (154, '2026-06-12T12:34:33.463684', 2, 300, 'cash'),
  (155, '2026-06-12T12:37:42.638379', 1, 100, 'cash'),
  (156, '2026-06-12T13:03:41.328357', 1, 100, 'transfer'),
  (157, '2026-06-12T13:04:17.077308', 1, 100, 'cash'),
  (158, '2026-06-12T13:25:33.743292', 2, 200, 'cash'),
  (159, '2026-06-12T13:25:52.125785', 3, 300, 'cash'),
  (160, '2026-06-12T14:11:44.942825', 2, 200, 'transfer'),
  (161, '2026-06-12T14:12:07.029448', 5, 550, 'transfer'),
  (162, '2026-06-12T14:13:06.520396', 3, 350, 'cash'),
  (163, '2026-06-12T14:21:52.630492', 1, 100, 'cash'),
  (164, '2026-06-12T14:36:59.034811', 1, 100, 'cash'),
  (165, '2026-06-12T14:38:18.861841', 1, 100, 'cash'),
  (166, '2026-06-12T14:41:09.825219', 2, 200, 'transfer'),
  (167, '2026-06-12T15:53:20.8036', 1, 100, 'cash'),
  (168, '2026-06-12T16:37:22.512902', 2, 200, 'cash'),
  (169, '2026-06-12T16:40:40.388172', 2, 200, 'cash'),
  (170, '2026-06-12T16:57:04.833311', 1, 100, 'cash'),
  (171, '2026-06-12T17:04:54.33974', 3, 300, 'transfer'),
  (172, '2026-06-12T18:52:16.240858', 1, 150, 'transfer'),
  (173, '2026-06-12T19:12:55.337142', 1, 150, 'transfer'),
  (174, '2026-06-12T19:41:21.386863', 2, 200, 'transfer'),
  (175, '2026-06-12T19:51:35.453624', 1, 100, 'transfer'),
  (176, '2026-06-13T11:53:06.42521', 4, 500, 'transfer'),
  (177, '2026-06-13T11:53:17.994422', 4, 500, 'transfer'),
  (178, '2026-06-13T11:55:07.099225', 4, 450, 'cash'),
  (179, '2026-06-13T11:55:39.562654', 5, 550, 'cash'),
  (180, '2026-06-13T11:55:50.058667', 3, 300, 'cash'),
  (181, '2026-06-13T13:01:10.411025', 2, 250, 'cash'),
  (182, '2026-06-13T13:27:31.655513', 4, 600, 'transfer'),
  (183, '2026-06-13T13:34:49.348456', 2, 150, 'transfer'),
  (184, '2026-06-13T13:45:14.574636', 2, 300, 'cash'),
  (185, '2026-06-13T13:55:06.469031', 1, 100, 'cash'),
  (186, '2026-06-13T13:56:21.282003', 7, 1050, 'transfer'),
  (187, '2026-06-13T14:02:31.491473', 2, 200, 'transfer'),
  (188, '2026-06-13T14:11:59.027215', 1, 100, 'cash'),
  (189, '2026-06-13T14:27:01.778363', 3, 300, 'cash'),
  (190, '2026-06-13T14:27:55.580045', 1, 100, 'transfer'),
  (191, '2026-06-13T14:33:31.306105', 2, 200, 'transfer'),
  (192, '2026-06-13T14:40:39.032738', 3, 300, 'cash'),
  (193, '2026-06-13T14:46:40.285355', 2, 200, 'cash'),
  (194, '2026-06-13T14:47:41.330298', 1, 100, 'cash'),
  (195, '2026-06-13T14:58:59.585265', 2, 200, 'cash'),
  (196, '2026-06-13T15:04:07.115888', 3, 300, 'cash'),
  (197, '2026-06-13T15:09:32.453482', 4, 400, 'transfer'),
  (198, '2026-06-13T15:10:50.39271', 1, 100, 'cash'),
  (199, '2026-06-13T15:13:31.865372', 1, 100, 'cash'),
  (200, '2026-06-13T15:13:40.501257', 1, 100, 'cash'),
  (201, '2026-06-13T15:24:51.619256', 14, 1300, 'transfer'),
  (202, '2026-06-13T15:26:53.329647', 1, 100, 'cash'),
  (203, '2026-06-13T15:30:28.328016', 7, 650, 'cash'),
  (204, '2026-06-13T15:33:34.192117', 1, 100, 'transfer'),
  (205, '2026-06-13T15:34:18.182756', 2, 200, 'cash'),
  (206, '2026-06-13T15:37:56.223736', 1, 100, 'cash'),
  (207, '2026-06-13T15:58:30.152715', 1, 100, 'cash'),
  (208, '2026-06-13T16:13:52.562433', 1, 100, 'cash'),
  (209, '2026-06-13T16:28:00.385696', 1, 100, 'cash'),
  (210, '2026-06-13T17:23:04.398666', 1, 100, 'cash'),
  (211, '2026-06-13T17:50:09.466385', 3, 450, 'transfer'),
  (212, '2026-06-13T17:51:41.496637', 3, 450, 'cash'),
  (213, '2026-06-13T17:55:24.311701', 1, 100, 'transfer'),
  (214, '2026-06-13T17:57:41.577935', 1, 100, 'cash'),
  (215, '2026-06-13T18:25:15.737764', 1, 100, 'cash'),
  (216, '2026-06-13T18:53:20.330044', 1, 100, 'cash'),
  (217, '2026-06-13T19:06:39.404233', 2, 300, 'transfer'),
  (218, '2026-06-13T19:07:25.194217', 1, 100, 'cash'),
  (219, '2026-06-13T19:07:39.569499', 5, 500, 'cash'),
  (220, '2026-06-13T19:14:03.020972', 1, 100, 'cash'),
  (222, '2026-06-13T19:20:45.709472', 1, 100, 'transfer'),
  (223, '2026-06-13T19:30:03.781235', 1, 100, 'cash'),
  (224, '2026-06-13T19:38:04.591539', 1, 100, 'transfer'),
  (225, '2026-06-13T19:47:19.406205', 1, 100, 'cash'),
  (226, '2026-06-14T10:01:59.93682', 5, 500, 'cash'),
  (227, '2026-06-14T10:30:44.050485', 2, 200, 'cash'),
  (228, '2026-06-14T10:38:40.647963', 2, 200, 'transfer'),
  (229, '2026-06-14T10:49:50.702946', 3, 300, 'transfer'),
  (230, '2026-06-14T11:29:44.365845', 1, 100, 'transfer'),
  (231, '2026-06-14T11:30:41.324008', 5, 500, 'cash'),
  (232, '2026-06-14T11:37:42.674413', 1, 100, 'cash'),
  (233, '2026-06-14T11:44:20.855095', 3, 300, 'cash'),
  (234, '2026-06-14T11:48:22.496135', 1, 150, 'cash'),
  (235, '2026-06-14T11:48:43.350573', 2, 200, 'cash'),
  (236, '2026-06-14T12:01:59.969175', 2, 200, 'cash'),
  (237, '2026-06-14T12:20:36.980229', 1, 150, 'transfer'),
  (238, '2026-06-14T13:08:04.792846', 1, 150, 'cash'),
  (239, '2026-06-14T13:34:43.159716', 1, 100, 'cash'),
  (240, '2026-06-14T13:42:56.067936', 1, 100, 'cash'),
  (241, '2026-06-14T13:47:55.182793', 7, 800, 'transfer'),
  (242, '2026-06-14T13:48:37.543005', 1, 150, 'cash'),
  (243, '2026-06-14T13:50:02.473523', 1, 100, 'cash'),
  (244, '2026-06-14T14:04:56.272563', 1, 150, 'transfer'),
  (245, '2026-06-14T14:08:41.790583', 2, 200, 'cash'),
  (246, '2026-06-14T14:43:07.609092', 1, 100, 'transfer'),
  (247, '2026-06-14T14:55:35.359076', 7, 950, 'transfer'),
  (248, '2026-06-14T15:01:30.201137', 2, 200, 'transfer'),
  (249, '2026-06-14T15:01:45.22167', 4, 600, 'cash'),
  (250, '2026-06-14T15:07:43.366225', 1, 100, 'cash'),
  (251, '2026-06-14T15:07:46.901924', 1, 150, 'cash'),
  (252, '2026-06-14T15:13:11.607654', 1, 100, 'cash'),
  (253, '2026-06-14T15:16:06.654564', 1, 100, 'cash'),
  (254, '2026-06-14T15:22:50.763188', 2, 200, 'transfer'),
  (255, '2026-06-14T15:37:50.659235', 3, 300, 'cash'),
  (256, '2026-06-14T15:37:54.563736', 2, 200, 'cash'),
  (257, '2026-06-14T15:47:03.818933', 1, 150, 'cash'),
  (258, '2026-06-14T15:54:07.577133', 2, 200, 'cash'),
  (259, '2026-06-14T16:19:37.836482', 3, 300, 'transfer'),
  (260, '2026-06-14T16:20:40.860255', 1, 150, 'cash'),
  (261, '2026-06-14T16:20:53.993263', 2, 200, 'cash'),
  (262, '2026-06-14T16:47:11.078153', 1, 100, 'cash'),
  (263, '2026-06-14T17:15:59.344505', 1, 150, 'transfer'),
  (264, '2026-06-14T18:02:50.303752', 3, 300, 'cash'),
  (265, '2026-06-14T18:36:44.311799', 2, 200, 'cash'),
  (266, '2026-06-14T18:51:26.052437', 4, 400, 'cash'),
  (267, '2026-06-14T18:56:26.03917', 1, 100, 'cash'),
  (268, '2026-06-14T19:00:09.377571', 3, 300, 'transfer'),
  (269, '2026-06-14T19:05:05.123205', 1, 100, 'cash'),
  (270, '2026-06-14T19:18:28.108316', 2, 200, 'cash'),
  (271, '2026-06-14T19:22:54.632907', 1, 100, 'cash'),
  (272, '2026-06-15T11:46:13.092802', 1, 100, 'transfer'),
  (273, '2026-06-15T11:46:21.984067', 3, 300, 'cash'),
  (274, '2026-06-15T12:59:52.623119', 4, 350, 'transfer'),
  (275, '2026-06-15T13:00:17.178231', 3, 300, 'cash'),
  (276, '2026-06-15T13:00:32.004383', 6, 650, 'cash'),
  (277, '2026-06-15T13:09:20.995322', 2, 200, 'transfer'),
  (278, '2026-06-15T14:02:31.272797', 1, 100, 'cash'),
  (279, '2026-06-15T14:11:30.617022', 3, 300, 'cash'),
  (280, '2026-06-15T14:20:00.265525', 1, 100, 'cash'),
  (281, '2026-06-15T14:32:27.626757', 3, 300, 'transfer'),
  (282, '2026-06-15T14:38:10.917802', 1, 100, 'transfer'),
  (283, '2026-06-15T14:46:25.385429', 2, 250, 'transfer'),
  (284, '2026-06-15T14:55:55.166986', 1, 100, 'cash'),
  (285, '2026-06-15T15:16:25.836576', 1, 100, 'cash'),
  (286, '2026-06-15T15:17:29.348414', 4, 600, 'transfer'),
  (287, '2026-06-15T16:13:32.808675', 1, 100, 'transfer'),
  (288, '2026-06-15T16:13:38.013077', 1, 100, 'transfer'),
  (289, '2026-06-15T16:13:42.058369', 2, 300, 'transfer'),
  (290, '2026-06-15T16:14:08.008284', 1, 100, 'cash'),
  (291, '2026-06-15T16:15:41.615939', 1, 150, 'cash'),
  (292, '2026-06-15T16:17:07.479362', 1, 100, 'cash'),
  (293, '2026-06-15T16:33:33.856435', 3, 450, 'cash'),
  (294, '2026-06-15T16:35:18.106745', 1, 100, 'cash'),
  (295, '2026-06-15T16:38:23.68149', 3, 300, 'cash'),
  (296, '2026-06-15T17:46:09.149268', 1, 100, 'cash'),
  (297, '2026-06-15T17:47:05.172026', 3, 280, 'transfer'),
  (298, '2026-06-15T18:15:27.045181', 1, 100, 'cash'),
  (299, '2026-06-15T18:20:43.437162', 2, 200, 'cash'),
  (300, '2026-06-15T18:32:36.706036', 1, 100, 'transfer'),
  (301, '2026-06-15T18:32:44.073056', 1, 150, 'cash'),
  (302, '2026-06-15T19:43:16.992405', 3, 300, 'transfer'),
  (303, '2026-06-16T11:53:50.958424', 1, 100, 'transfer'),
  (304, '2026-06-16T11:53:56.526467', 2, 200, 'cash'),
  (305, '2026-06-16T11:54:02.909453', 3, 300, 'cash'),
  (306, '2026-06-16T11:54:14.521821', 4, 400, 'cash'),
  (307, '2026-06-16T11:54:22.908356', 16, 2400, 'cash'),
  (308, '2026-06-16T12:06:29.449697', 2, 200, 'transfer'),
  (309, '2026-06-16T12:06:44.469083', 2, 200, 'cash'),
  (310, '2026-06-16T12:16:44.153518', 1, 100, 'transfer'),
  (311, '2026-06-16T12:56:06.894597', 2, 200, 'cash'),
  (312, '2026-06-16T13:43:43.52442', 3, 300, 'cash'),
  (313, '2026-06-16T14:18:11.672022', 2, 200, 'transfer'),
  (314, '2026-06-16T14:28:02.176573', 2, 200, 'cash'),
  (315, '2026-06-16T14:33:21.662324', 2, 200, 'cash'),
  (316, '2026-06-16T14:50:39.387709', 1, 100, 'cash'),
  (317, '2026-06-16T15:10:22.284057', 1, 100, 'cash'),
  (318, '2026-06-16T15:11:41.313342', 1, 100, 'transfer'),
  (319, '2026-06-16T15:25:33.476604', 1, 100, 'cash'),
  (320, '2026-06-16T15:36:33.424526', 1, 100, 'cash'),
  (321, '2026-06-16T15:43:05.057591', 3, 300, 'cash'),
  (322, '2026-06-16T15:49:15.81954', 1, 100, 'transfer'),
  (323, '2026-06-16T15:55:25.959148', 1, 150, 'cash'),
  (324, '2026-06-16T15:57:50.065607', 4, 400, 'transfer'),
  (325, '2026-06-16T16:02:53.008781', 2, 200, 'transfer'),
  (326, '2026-06-16T16:11:31.070897', 1, 100, 'cash'),
  (327, '2026-06-16T16:16:44.231495', 1, 100, 'cash'),
  (328, '2026-06-16T16:19:24.358004', 3, 300, 'transfer'),
  (329, '2026-06-16T16:37:00.389201', 2, 300, 'cash'),
  (330, '2026-06-16T16:37:32.134068', 3, 300, 'transfer'),
  (331, '2026-06-16T16:49:35.16047', 1, 100, 'cash'),
  (332, '2026-06-16T17:02:05.329595', 2, 200, 'transfer'),
  (333, '2026-06-16T17:02:16.559221', 1, 70, 'cash'),
  (334, '2026-06-16T17:03:27.602096', 1, 150, 'transfer'),
  (335, '2026-06-16T17:04:44.791373', 1, 100, 'cash'),
  (336, '2026-06-16T17:09:19.166538', 4, 500, 'cash'),
  (337, '2026-06-16T17:44:15.055551', 1, 100, 'transfer'),
  (338, '2026-06-16T17:47:29.296503', 2, 200, 'transfer'),
  (339, '2026-06-16T18:03:42.521984', 1, 100, 'transfer'),
  (340, '2026-06-16T18:18:53.479101', 2, 200, 'transfer'),
  (341, '2026-06-16T18:35:10.684114', 3, 300, 'transfer'),
  (342, '2026-06-16T19:03:24.780938', 2, 200, 'transfer'),
  (343, '2026-06-16T19:03:33.660069', 3, 300, 'cash'),
  (344, '2026-06-16T19:05:55.877014', 1, 150, 'cash'),
  (345, '2026-06-16T19:08:46.087701', 1, 100, 'transfer'),
  (346, '2026-06-16T19:11:42.789009', 2, 200, 'cash'),
  (347, '2026-06-16T19:14:02.270103', 2, 200, 'cash'),
  (348, '2026-06-16T19:38:06.179861', 1, 100, 'cash'),
  (349, '2026-06-16T19:42:50.962127', 1, 100, 'cash'),
  (350, '2026-06-16T19:46:39.564409', 1, 100, 'cash'),
  (351, '2026-06-16T19:51:39.781799', 4, 400, 'cash'),
  (352, '2026-06-17T10:10:29.824042', 3, 300, 'cash'),
  (353, '2026-06-17T10:45:17.458098', 5, 650, 'transfer'),
  (354, '2026-06-17T10:54:10.709293', 3, 270, 'cash'),
  (355, '2026-06-17T11:14:09.495379', 4, 600, 'cash'),
  (356, '2026-06-17T11:36:11.501127', 5, 650, 'cash'),
  (357, '2026-06-17T11:53:04.909135', 2, 300, 'transfer'),
  (358, '2026-06-17T11:53:14.452958', 1, 100, 'cash'),
  (359, '2026-06-17T13:17:23.62782', 2, 200, 'transfer'),
  (360, '2026-06-17T13:17:29.539544', 2, 200, 'transfer'),
  (361, '2026-06-17T13:17:52.26285', 1, 100, 'cash'),
  (362, '2026-06-17T13:18:05.975281', 2, 200, 'cash'),
  (363, '2026-06-17T13:18:13.102796', 3, 300, 'cash'),
  (364, '2026-06-17T13:18:25.011965', 3, 300, 'cash'),
  (365, '2026-06-17T13:51:01.916117', 2, 250, 'cash'),
  (366, '2026-06-17T14:21:06.429465', 1, 100, 'cash'),
  (367, '2026-06-17T14:27:03.441484', 3, 300, 'transfer'),
  (368, '2026-06-17T14:27:44.278241', 3, 300, 'cash'),
  (369, '2026-06-17T14:49:47.421709', 1, 100, 'cash'),
  (370, '2026-06-17T15:38:29.08798', 2, 200, 'transfer'),
  (371, '2026-06-17T15:40:22.336766', 1, 100, 'cash'),
  (372, '2026-06-17T15:56:55.056218', 1, 100, 'transfer'),
  (373, '2026-06-17T16:57:13.251213', 1, 100, 'transfer'),
  (374, '2026-06-17T16:57:44.769389', 3, 300, 'cash'),
  (375, '2026-06-17T16:58:02.011775', 4, 400, 'cash'),
  (376, '2026-06-17T17:55:58.73338', 1, 100, 'transfer'),
  (377, '2026-06-17T18:07:42.693818', 2, 200, 'cash'),
  (378, '2026-06-17T18:08:21.395814', 1, 100, 'cash'),
  (379, '2026-06-17T18:29:14.493287', 1, 150, 'transfer'),
  (380, '2026-06-17T18:30:45.8711', 2, 200, 'cash'),
  (381, '2026-06-17T18:44:54.836476', 2, 200, 'cash'),
  (382, '2026-06-17T19:29:43.730636', 1, 100, 'cash'),
  (383, '2026-06-18T10:23:45.214263', 2, 200, 'cash'),
  (384, '2026-06-18T10:46:20.746603', 1, 100, 'cash'),
  (385, '2026-06-18T11:11:14.368592', 1, 100, 'cash'),
  (386, '2026-06-18T11:21:56.041549', 1, 100, 'transfer'),
  (387, '2026-06-18T11:25:31.666791', 2, 200, 'cash'),
  (388, '2026-06-18T11:29:21.087429', 1, 100, 'cash'),
  (389, '2026-06-18T11:44:18.201333', 3, 300, 'cash'),
  (390, '2026-06-18T12:03:03.732393', 2, 200, 'cash'),
  (391, '2026-06-18T12:59:49.476074', 1, 150, 'transfer'),
  (392, '2026-06-18T13:29:09.678894', 1, 150, 'transfer'),
  (393, '2026-06-18T13:30:32.927236', 3, 300, 'cash'),
  (394, '2026-06-18T13:33:51.135359', 1, 100, 'cash'),
  (395, '2026-06-18T13:38:38.187165', 1, 150, 'cash'),
  (396, '2026-06-18T13:38:42.635293', 1, 100, 'transfer'),
  (397, '2026-06-18T14:26:29.942883', 1, 100, 'transfer'),
  (398, '2026-06-18T14:26:56.09961', 1, 100, 'cash'),
  (399, '2026-06-18T14:27:09.399501', 2, 200, 'cash'),
  (400, '2026-06-18T14:27:19.736549', 2, 250, 'cash'),
  (401, '2026-06-18T14:35:38.829235', 2, 200, 'cash'),
  (402, '2026-06-18T15:15:44.99859', 2, 200, 'transfer'),
  (403, '2026-06-18T15:23:42.680465', 2, 200, 'transfer'),
  (404, '2026-06-18T15:36:12.806045', 1, 100, 'transfer'),
  (405, '2026-06-18T15:49:09.269771', 1, 150, 'transfer'),
  (406, '2026-06-18T16:43:41.152147', 1, 100, 'cash'),
  (407, '2026-06-18T16:54:55.835155', 6, 750, 'transfer'),
  (408, '2026-06-18T17:05:27.321245', 2, 200, 'transfer'),
  (409, '2026-06-18T17:39:05.003954', 2, 200, 'transfer'),
  (410, '2026-06-18T18:49:06.123226', 3, 300, 'cash'),
  (411, '2026-06-19T10:12:05.471864', 4, 400, 'cash'),
  (412, '2026-06-19T10:12:27.665511', 2, 200, 'cash'),
  (413, '2026-06-19T10:35:16.480936', 1, 150, 'transfer'),
  (414, '2026-06-19T10:40:07.566978', 2, 200, 'transfer'),
  (415, '2026-06-19T10:53:38.071567', 5, 500, 'cash'),
  (416, '2026-06-19T10:53:42.535606', 2, 200, 'cash'),
  (417, '2026-06-19T10:53:49.399677', 3, 300, 'cash'),
  (418, '2026-06-19T11:04:47.901619', 1, 100, 'cash'),
  (419, '2026-06-19T11:28:55.528939', 2, 300, 'cash'),
  (420, '2026-06-19T11:31:51.268995', 1, 100, 'cash'),
  (421, '2026-06-19T11:48:41.480116', 1, 100, 'cash'),
  (422, '2026-06-19T12:08:04.240569', 2, 200, 'cash'),
  (423, '2026-06-19T12:25:32.464849', 1, 100, 'cash'),
  (424, '2026-06-19T12:50:12.629244', 4, 450, 'transfer'),
  (425, '2026-06-19T12:54:34.764386', 1, 100, 'cash'),
  (426, '2026-06-19T13:03:38.819759', 4, 400, 'cash'),
  (427, '2026-06-19T13:15:03.240826', 1, 100, 'cash'),
  (428, '2026-06-19T13:20:51.379677', 2, 200, 'cash'),
  (429, '2026-06-19T13:33:51.827011', 1, 100, 'cash'),
  (430, '2026-06-19T13:42:45.24209', 6, 900, 'transfer'),
  (431, '2026-06-19T13:59:51.44784', 1, 100, 'cash'),
  (432, '2026-06-19T14:00:43.85838', 1, 150, 'cash'),
  (433, '2026-06-19T14:09:23.342431', 2, 200, 'cash'),
  (434, '2026-06-19T14:15:36.656219', 4, 400, 'cash'),
  (435, '2026-06-19T14:30:37.744136', 5, 500, 'transfer'),
  (436, '2026-06-19T14:43:09.441269', 3, 300, 'cash'),
  (437, '2026-06-19T14:45:47.464539', 1, 100, 'cash'),
  (438, '2026-06-19T15:10:52.657344', 2, 200, 'cash'),
  (439, '2026-06-19T15:14:18.375772', 3, 300, 'transfer'),
  (440, '2026-06-19T15:16:20.908458', 3, 300, 'transfer'),
  (441, '2026-06-19T15:53:54.069878', 2, 180, 'cash'),
  (442, '2026-06-19T15:54:29.029015', 1, 100, 'transfer'),
  (443, '2026-06-19T16:02:35.263971', 5, 500, 'cash'),
  (444, '2026-06-19T16:02:40.531562', 2, 200, 'cash'),
  (445, '2026-06-19T16:11:04.889109', 2, 200, 'cash'),
  (446, '2026-06-19T16:31:54.76295', 1, 100, 'cash'),
  (447, '2026-06-19T17:31:10.493002', 3, 300, 'cash'),
  (448, '2026-06-19T17:58:39.325467', 1, 100, 'cash'),
  (449, '2026-06-19T18:01:41.66364', 2, 200, 'cash'),
  (450, '2026-06-19T18:20:17.996438', 1, 100, 'transfer'),
  (451, '2026-06-19T18:42:34.2425', 1, 150, 'transfer'),
  (452, '2026-06-19T19:34:32.644961', 1, 100, 'cash'),
  (453, '2026-06-19T19:51:29.742372', 4, 400, 'cash'),
  (454, '2026-06-19T20:00:03.798361', 3, 300, 'transfer'),
  (455, '2026-06-20T11:55:43.99038', 5, 500, 'cash'),
  (456, '2026-06-20T11:55:52.759296', 3, 300, 'cash'),
  (457, '2026-06-20T11:55:58.298224', 3, 300, 'cash'),
  (458, '2026-06-20T11:56:15.511825', 4, 400, 'transfer'),
  (459, '2026-06-20T11:56:21.242816', 3, 300, 'transfer'),
  (460, '2026-06-20T11:56:28.266075', 4, 400, 'transfer'),
  (461, '2026-06-20T11:59:36.399413', 1, 100, 'cash'),
  (462, '2026-06-20T13:42:20.876962', 3, 350, 'transfer'),
  (463, '2026-06-20T13:42:54.484796', 5, 500, 'cash'),
  (464, '2026-06-20T13:43:00.54514', 2, 250, 'cash'),
  (465, '2026-06-20T13:46:59.828911', 1, 100, 'cash'),
  (466, '2026-06-20T13:49:08.688307', 2, 300, 'cash'),
  (467, '2026-06-20T13:51:37.138731', 2, 200, 'cash'),
  (468, '2026-06-20T13:51:40.634892', 1, 150, 'transfer'),
  (469, '2026-06-20T14:12:02.900145', 4, 400, 'transfer'),
  (470, '2026-06-20T14:12:30.995769', 3, 300, 'cash'),
  (471, '2026-06-20T14:31:24.571658', 2, 200, 'cash'),
  (472, '2026-06-20T14:35:56.839736', 1, 100, 'cash'),
  (473, '2026-06-20T14:37:01.372287', 1, 100, 'transfer'),
  (474, '2026-06-20T14:47:39.308793', 1, 100, 'cash'),
  (475, '2026-06-20T15:14:19.784105', 1, 100, 'cash'),
  (476, '2026-06-20T15:36:26.455644', 1, 100, 'cash'),
  (477, '2026-06-20T15:41:21.377544', 1, 100, 'cash'),
  (478, '2026-06-20T15:59:30.117446', 1, 100, 'transfer'),
  (479, '2026-06-20T16:01:20.390714', 2, 200, 'cash'),
  (480, '2026-06-20T16:08:24.600851', 6, 750, 'transfer'),
  (481, '2026-06-20T20:44:46.576498', 4, 400, 'transfer'),
  (482, '2026-06-20T20:45:40.99072', 4, 400, 'cash'),
  (483, '2026-06-20T20:45:52.354089', 2, 200, 'transfer'),
  (484, '2026-06-20T20:46:10.197593', 4, 400, 'cash'),
  (485, '2026-06-20T20:46:31.268238', 1, 100, 'cash'),
  (486, '2026-06-20T20:46:49.042375', 6, 900, 'cash'),
  (487, '2026-06-20T20:47:13.659026', 8, 800, 'cash'),
  (488, '2026-06-21T10:40:03.530992', 2, 200, 'cash'),
  (489, '2026-06-21T10:41:46.801878', 3, 260, 'transfer'),
  (490, '2026-06-21T12:14:51.091701', 5, 500, 'cash'),
  (491, '2026-06-21T12:54:26.943236', 4, 600, 'transfer'),
  (492, '2026-06-21T12:54:36.659318', 1, 100, 'transfer'),
  (493, '2026-06-21T12:54:56.97807', 5, 700, 'cash'),
  (494, '2026-06-21T12:58:01.873508', 1, 100, 'cash'),
  (495, '2026-06-21T12:58:05.244431', 1, 100, 'transfer'),
  (496, '2026-06-21T13:03:44.834139', 2, 300, 'cash'),
  (497, '2026-06-21T13:05:55.279827', 1, 100, 'cash'),
  (498, '2026-06-21T13:11:06.8893', 1, 100, 'transfer'),
  (499, '2026-06-21T13:17:57.768222', 1, 100, 'cash'),
  (500, '2026-06-21T13:30:33.172071', 1, 100, 'cash'),
  (501, '2026-06-21T13:35:58.196588', 1, 100, 'cash'),
  (502, '2026-06-21T13:38:15.770891', 1, 100, 'cash'),
  (503, '2026-06-21T14:09:45.864213', 3, 350, 'cash'),
  (504, '2026-06-21T14:38:04.963508', 2, 200, 'cash'),
  (505, '2026-06-21T14:38:29.630302', 1, 100, 'cash'),
  (506, '2026-06-21T14:41:56.448305', 2, 200, 'transfer'),
  (507, '2026-06-21T16:18:37.358355', 1, 100, 'transfer'),
  (508, '2026-06-21T16:18:50.977084', 1, 150, 'cash'),
  (509, '2026-06-21T16:20:16.74355', 1, 100, 'cash'),
  (510, '2026-06-21T16:34:37.026333', 1, 100, 'cash'),
  (511, '2026-06-21T16:42:47.721297', 2, 200, 'cash'),
  (512, '2026-06-21T16:43:03.354967', 2, 200, 'transfer'),
  (513, '2026-06-21T16:54:45.812229', 2, 200, 'cash'),
  (514, '2026-06-21T17:01:46.955003', 1, 100, 'transfer'),
  (515, '2026-06-21T17:04:02.761497', 2, 200, 'cash'),
  (516, '2026-06-21T17:20:39.291315', 2, 200, 'cash'),
  (517, '2026-06-21T17:31:14.923294', 2, 200, 'cash'),
  (518, '2026-06-21T17:34:36.258817', 1, 100, 'cash'),
  (519, '2026-06-21T17:40:04.614259', 1, 100, 'transfer'),
  (520, '2026-06-21T17:52:54.069404', 2, 200, 'transfer'),
  (521, '2026-06-21T17:56:40.715618', 2, 300, 'cash'),
  (522, '2026-06-21T18:08:37.578743', 1, 100, 'transfer'),
  (523, '2026-06-21T19:07:05.282869', 1, 100, 'cash'),
  (524, '2026-06-21T19:08:12.994187', 2, 200, 'cash'),
  (525, '2026-06-21T19:57:56.715398', 1, 100, 'cash');


-- Table: order_detail (671 rows)
INSERT INTO order_detail (detail_id, order_id, datetime, product_id_ref, free_itemtype, order_price, qty_sales, subtotal) VALUES
  (1, 1, '2026-06-08T13:43:17.503041', 4, FALSE, 100, 5, 500),
  (2, 1, '2026-06-08T13:43:17.503041', 1, FALSE, 100, 1, 100),
  (3, 2, '2026-06-08T13:52:03.375595', 4, FALSE, 100, 2, 200),
  (4, 3, '2026-06-08T13:52:38.269377', 3, FALSE, 100, 1, 100),
  (5, 4, '2026-06-08T13:52:52.026868', 4, FALSE, 100, 2, 200),
  (6, 5, '2026-06-08T13:53:32.015129', 3, FALSE, 100, 1, 100),
  (7, 6, '2026-06-08T13:53:43.576936', 4, FALSE, 100, 2, 200),
  (8, 7, '2026-06-08T13:53:50.725956', 5, FALSE, 100, 1, 100),
  (9, 8, '2026-06-08T13:56:45.394361', 4, FALSE, 100, 2, 200),
  (10, 8, '2026-06-08T13:56:45.394361', 2, FALSE, 100, 2, 200),
  (11, 8, '2026-06-08T13:56:45.394361', 3, FALSE, 100, 1, 100),
  (12, 8, '2026-06-08T13:56:45.394361', 1, FALSE, 100, 1, 100),
  (13, 9, '2026-06-08T15:19:52.464799', 4, FALSE, 100, 1, 100),
  (14, 10, '2026-06-08T16:13:08.944774', 4, FALSE, 100, 3, 300),
  (15, 11, '2026-06-08T16:18:00.542332', 4, FALSE, 100, 1, 100),
  (16, 12, '2026-06-08T16:24:08.220845', 4, FALSE, 100, 2, 200),
  (17, 13, '2026-06-08T16:50:03.781905', 3, FALSE, 100, 1, 100),
  (18, 14, '2026-06-08T16:59:26.993606', 4, FALSE, 100, 1, 100),
  (19, 15, '2026-06-08T17:01:02.283064', 2, FALSE, 100, 1, 100),
  (20, 16, '2026-06-08T17:17:24.930558', 4, FALSE, 100, 2, 200),
  (21, 17, '2026-06-08T17:58:45.38045', 3, FALSE, 100, 1, 100),
  (22, 18, '2026-06-08T18:12:55.627415', 2, FALSE, 100, 1, 100),
  (23, 19, '2026-06-08T18:14:59.467287', 4, FALSE, 100, 2, 200),
  (24, 20, '2026-06-08T18:19:56.196945', 3, FALSE, 100, 2, 200),
  (25, 21, '2026-06-08T18:31:53.347489', 4, FALSE, 100, 1, 100),
  (26, 22, '2026-06-08T19:01:01.378838', 4, FALSE, 100, 2, 200),
  (28, 24, '2026-06-09T10:14:36.227041', 9, FALSE, 100, 1, 100),
  (29, 25, '2026-06-09T10:23:44.745782', 4, FALSE, 100, 1, 100),
  (30, 26, '2026-06-09T10:23:50.764893', 4, FALSE, 100, 1, 100),
  (31, 27, '2026-06-09T11:21:11.301142', 9, FALSE, 100, 1, 100),
  (32, 28, '2026-06-09T11:21:45.170608', 8, FALSE, 150, 2, 300),
  (33, 29, '2026-06-09T11:22:37.814296', 9, FALSE, 100, 10, 1000),
  (34, 29, '2026-06-09T11:22:37.814296', 9, TRUE, 0, 1, 0),
  (35, 30, '2026-06-09T11:22:59.796823', 4, FALSE, 100, 1, 100),
  (36, 31, '2026-06-09T12:18:01.839686', 4, FALSE, 100, 1, 100),
  (37, 32, '2026-06-09T12:18:10.988013', 9, FALSE, 100, 5, 500),
  (38, 33, '2026-06-09T12:19:15.938149', 8, FALSE, 150, 1, 150),
  (39, 34, '2026-06-09T12:19:24.735176', 9, FALSE, 100, 2, 200),
  (40, 35, '2026-06-09T12:19:33.533965', 4, FALSE, 100, 3, 300),
  (41, 36, '2026-06-09T12:20:13.797958', 9, FALSE, 100, 1, 100),
  (42, 37, '2026-06-09T12:22:01.768618', 8, FALSE, 150, 1, 150),
  (43, 37, '2026-06-09T12:22:01.768618', 3, FALSE, 100, 2, 200),
  (44, 37, '2026-06-09T12:22:01.768618', 4, FALSE, 100, 1, 100),
  (45, 38, '2026-06-09T12:29:05.108807', 9, FALSE, 100, 2, 200),
  (46, 39, '2026-06-09T12:44:20.625074', 8, FALSE, 150, 6, 900),
  (47, 40, '2026-06-09T13:55:31.832098', 8, FALSE, 150, 2, 300),
  (48, 41, '2026-06-09T14:02:45.710755', 9, FALSE, 100, 1, 100),
  (49, 41, '2026-06-09T14:02:45.710755', 3, FALSE, 100, 1, 100),
  (50, 42, '2026-06-09T14:05:00.704258', 8, FALSE, 150, 1, 150),
  (51, 42, '2026-06-09T14:05:00.704258', 2, FALSE, 100, 4, 400),
  (52, 43, '2026-06-09T14:12:21.599349', 1, FALSE, 100, 1, 100),
  (53, 44, '2026-06-09T14:12:49.69827', 4, FALSE, 100, 2, 200),
  (54, 45, '2026-06-09T14:13:02.819807', 8, FALSE, 150, 1, 150),
  (55, 45, '2026-06-09T14:13:02.819807', 5, FALSE, 100, 1, 100),
  (56, 46, '2026-06-09T14:45:05.605265', 3, FALSE, 100, 1, 100),
  (57, 47, '2026-06-09T14:46:23.54505', 9, FALSE, 100, 2, 200),
  (58, 47, '2026-06-09T14:46:23.54505', 3, FALSE, 100, 1, 100),
  (59, 47, '2026-06-09T14:46:23.54505', 8, FALSE, 150, 1, 150),
  (60, 48, '2026-06-09T14:46:33.416611', 9, FALSE, 100, 3, 300),
  (61, 49, '2026-06-09T14:49:07.190153', 8, FALSE, 150, 2, 300),
  (62, 50, '2026-06-09T14:54:40.192808', 8, FALSE, 150, 3, 450),
  (63, 51, '2026-06-09T14:57:58.579267', 4, FALSE, 100, 1, 100),
  (64, 52, '2026-06-09T15:11:24.437288', 4, FALSE, 100, 2, 200),
  (65, 52, '2026-06-09T15:11:24.437288', 9, FALSE, 100, 1, 100),
  (66, 53, '2026-06-09T15:25:16.814512', 8, FALSE, 150, 10, 1500),
  (67, 54, '2026-06-09T15:27:25.676571', 1, FALSE, 100, 1, 100),
  (68, 55, '2026-06-09T15:36:54.409209', 1, FALSE, 100, 1, 100),
  (69, 56, '2026-06-09T16:25:39.408149', 8, FALSE, 150, 3, 450),
  (70, 56, '2026-06-09T16:25:39.408149', 5, FALSE, 100, 1, 100),
  (71, 57, '2026-06-09T16:25:45.673427', 8, FALSE, 150, 1, 150),
  (72, 58, '2026-06-09T16:31:12.35333', 9, FALSE, 100, 3, 300),
  (73, 59, '2026-06-09T16:31:18.391518', 9, FALSE, 100, 2, 200),
  (74, 60, '2026-06-09T16:31:49.797381', 9, FALSE, 100, 1, 100),
  (75, 61, '2026-06-09T16:33:10.620242', 4, FALSE, 100, 1, 100),
  (76, 62, '2026-06-09T16:38:17.725081', 9, FALSE, 100, 1, 100),
  (77, 63, '2026-06-09T16:41:35.926827', 5, FALSE, 100, 1, 100),
  (78, 64, '2026-06-09T16:45:29.307096', 8, FALSE, 150, 1, 150),
  (79, 65, '2026-06-09T16:55:07.184966', 8, FALSE, 150, 2, 300),
  (80, 66, '2026-06-09T17:01:32.45853', 9, FALSE, 100, 1, 100),
  (81, 67, '2026-06-09T18:34:08.398947', 4, FALSE, 100, 1, 100),
  (82, 67, '2026-06-09T18:34:08.398947', 3, FALSE, 100, 1, 100),
  (83, 68, '2026-06-09T18:34:14.680546', 9, FALSE, 100, 1, 100),
  (84, 69, '2026-06-09T18:39:32.955178', 5, FALSE, 100, 2, 200),
  (85, 70, '2026-06-09T18:41:05.97668', 8, FALSE, 150, 1, 150),
  (86, 71, '2026-06-09T18:41:50.459713', 9, FALSE, 100, 3, 300),
  (92, 23, '2026-06-09T20:38:58.9969', 4, FALSE, 100, 1, 100),
  (93, 73, '2026-06-09T20:50:53.713544', 8, FALSE, 150, 2, 300),
  (94, 73, '2026-06-09T20:50:53.713544', 2, FALSE, 100, 1, 100),
  (95, 73, '2026-06-09T20:50:53.713544', 4, FALSE, 100, 1, 100),
  (96, 72, '2026-06-09T21:48:11.805029', 9, FALSE, 100, 4, 400),
  (99, 76, '2026-06-10T12:24:10.255849', 4, FALSE, 100, 1, 100),
  (100, 77, '2026-06-10T12:24:18.827796', 4, FALSE, 100, 2, 200),
  (101, 78, '2026-06-10T12:24:25.423444', 9, FALSE, 100, 1, 100),
  (102, 79, '2026-06-10T12:24:47.666589', 8, FALSE, 150, 1, 150),
  (103, 80, '2026-06-10T12:24:56.416812', 9, FALSE, 100, 4, 400),
  (104, 81, '2026-06-10T12:25:01.995909', 4, FALSE, 100, 2, 200),
  (105, 82, '2026-06-10T12:25:15.106501', 9, FALSE, 100, 1, 100),
  (106, 82, '2026-06-10T12:25:15.106501', 8, FALSE, 150, 1, 150),
  (107, 83, '2026-06-10T12:40:36.246905', 8, FALSE, 150, 1, 150),
  (108, 83, '2026-06-10T12:40:36.246905', 9, FALSE, 100, 3, 300),
  (109, 84, '2026-06-10T13:08:14.194424', 8, FALSE, 150, 2, 300),
  (110, 84, '2026-06-10T13:08:14.194424', 4, FALSE, 100, 1, 100),
  (111, 85, '2026-06-10T13:19:21.981743', 9, FALSE, 100, 2, 200),
  (112, 86, '2026-06-10T13:20:59.878605', 9, FALSE, 100, 1, 100),
  (113, 87, '2026-06-10T13:27:39.877573', 9, FALSE, 100, 3, 300),
  (114, 88, '2026-06-10T13:27:48.280806', 4, FALSE, 100, 2, 200),
  (115, 88, '2026-06-10T13:27:48.280806', 3, FALSE, 100, 1, 100),
  (116, 89, '2026-06-10T14:11:50.623846', 9, FALSE, 100, 1, 100),
  (117, 90, '2026-06-10T14:15:42.598064', 9, FALSE, 100, 1, 100),
  (118, 91, '2026-06-10T14:19:01.149298', 4, FALSE, 100, 1, 100),
  (119, 92, '2026-06-10T14:19:29.613683', 4, FALSE, 100, 3, 300),
  (120, 93, '2026-06-10T14:33:50.13884', 4, FALSE, 100, 1, 100),
  (121, 94, '2026-06-10T14:36:26.835375', 9, FALSE, 100, 1, 100),
  (123, 96, '2026-06-10T14:40:43.964285', 4, FALSE, 100, 1, 100),
  (124, 97, '2026-06-10T14:49:55.499842', 4, FALSE, 100, 1, 100),
  (125, 98, '2026-06-10T14:55:37.00657', 9, FALSE, 100, 2, 200),
  (126, 99, '2026-06-10T14:57:00.478367', 9, FALSE, 100, 3, 300),
  (127, 100, '2026-06-10T17:14:20.115316', 9, FALSE, 100, 1, 100),
  (128, 100, '2026-06-10T17:14:20.115316', 5, FALSE, 100, 2, 200),
  (129, 101, '2026-06-10T17:14:29.678331', 9, FALSE, 100, 1, 100),
  (130, 102, '2026-06-10T17:15:14.753509', 4, FALSE, 100, 3, 300),
  (131, 102, '2026-06-10T17:15:14.753509', 9, FALSE, 100, 1, 100),
  (132, 103, '2026-06-10T17:15:46.037635', 9, FALSE, 100, 2, 200),
  (133, 104, '2026-06-10T17:16:33.656728', 3, FALSE, 100, 1, 100),
  (134, 104, '2026-06-10T17:16:33.656728', 9, FALSE, 100, 1, 100),
  (135, 104, '2026-06-10T17:16:33.656728', 4, FALSE, 100, 1, 100),
  (136, 105, '2026-06-10T17:40:36.739817', 9, FALSE, 100, 2, 200),
  (137, 106, '2026-06-10T17:57:00.320254', 9, FALSE, 100, 1, 100),
  (138, 107, '2026-06-10T18:04:21.479698', 5, FALSE, 100, 1, 100),
  (139, 108, '2026-06-10T18:08:51.706734', 2, FALSE, 100, 1, 100),
  (140, 109, '2026-06-10T18:14:36.152374', 4, FALSE, 100, 1, 100),
  (141, 110, '2026-06-10T18:19:10.585618', 4, FALSE, 100, 4, 400),
  (142, 111, '2026-06-10T19:27:49.413582', 8, FALSE, 150, 4, 600),
  (143, 111, '2026-06-10T19:27:49.413582', 4, FALSE, 100, 1, 100),
  (144, 112, '2026-06-10T19:28:24.519732', 8, FALSE, 150, 1, 150),
  (145, 113, '2026-06-10T19:28:38.417871', 9, FALSE, 100, 2, 200),
  (146, 113, '2026-06-10T19:28:38.417871', 5, FALSE, 100, 1, 100),
  (147, 114, '2026-06-10T19:49:31.41629', 5, FALSE, 100, 1, 100),
  (148, 114, '2026-06-10T19:49:31.41629', 8, FALSE, 150, 1, 150),
  (149, 115, '2026-06-10T19:59:00.378524', 5, FALSE, 100, 2, 200),
  (150, 116, '2026-06-11T10:01:04.526394', 1, FALSE, 100, 2, 200),
  (151, 116, '2026-06-11T10:01:04.526394', 4, FALSE, 100, 2, 200),
  (152, 117, '2026-06-11T10:19:38.262778', 1, FALSE, 100, 1, 100),
  (153, 117, '2026-06-11T10:19:38.262778', 4, FALSE, 100, 1, 100),
  (154, 117, '2026-06-11T10:19:38.262778', 7, FALSE, 50, 1, 50),
  (156, 119, '2026-06-11T12:16:23.302824', 9, FALSE, 100, 2, 200),
  (157, 120, '2026-06-11T12:16:54.940405', 5, FALSE, 100, 1, 100),
  (158, 121, '2026-06-11T12:17:55.739005', 8, FALSE, 150, 5, 750),
  (159, 122, '2026-06-11T12:35:38.831164', 8, FALSE, 150, 1, 150),
  (161, 124, '2026-06-11T13:02:01.935674', 4, FALSE, 100, 2, 200),
  (162, 125, '2026-06-11T13:18:53.491536', 3, FALSE, 100, 1, 100),
  (163, 125, '2026-06-11T13:18:53.491536', 2, FALSE, 100, 3, 300),
  (164, 123, '2026-06-11T13:20:53.186939', 9, FALSE, 100, 1, 100),
  (165, 126, '2026-06-11T13:22:32.957768', 4, FALSE, 100, 3, 300),
  (166, 127, '2026-06-11T13:22:37.807698', 9, FALSE, 100, 1, 100),
  (167, 128, '2026-06-11T13:32:33.29972', 9, FALSE, 100, 1, 100),
  (168, 129, '2026-06-11T13:39:41.234215', 4, FALSE, 100, 2, 200),
  (169, 130, '2026-06-11T14:02:32.705344', 9, FALSE, 100, 1, 100),
  (170, 131, '2026-06-11T14:02:40.792424', 4, FALSE, 100, 1, 100),
  (171, 131, '2026-06-11T14:02:40.792424', 8, FALSE, 150, 1, 150),
  (172, 132, '2026-06-11T14:02:48.049289', 8, FALSE, 150, 2, 300),
  (173, 133, '2026-06-11T14:27:29.803621', 8, FALSE, 150, 7, 1050),
  (174, 134, '2026-06-11T14:27:40.083374', 4, FALSE, 100, 2, 200),
  (175, 135, '2026-06-11T14:31:02.393988', 8, FALSE, 150, 2, 300),
  (176, 136, '2026-06-11T14:43:21.67779', 3, FALSE, 100, 1, 100),
  (177, 137, '2026-06-11T15:11:20.760063', 4, FALSE, 100, 1, 100),
  (178, 138, '2026-06-11T15:16:32.986368', 8, FALSE, 150, 11, 1650),
  (179, 139, '2026-06-11T15:45:14.763823', 8, FALSE, 150, 1, 150),
  (180, 140, '2026-06-11T16:32:53.754135', 9, FALSE, 100, 2, 200),
  (181, 140, '2026-06-11T16:32:53.754135', 4, FALSE, 100, 1, 100),
  (184, 142, '2026-06-11T16:48:52.497748', 9, FALSE, 50, 1, 50),
  (185, 143, '2026-06-11T16:54:33.008437', 3, FALSE, 100, 1, 100),
  (186, 144, '2026-06-11T16:55:28.017371', 8, FALSE, 150, 2, 300),
  (187, 145, '2026-06-11T17:34:06.847456', 9, FALSE, 100, 1, 100),
  (188, 145, '2026-06-11T17:34:06.847456', 4, FALSE, 100, 3, 300),
  (189, 146, '2026-06-11T17:54:33.099541', 5, FALSE, 100, 1, 100),
  (190, 147, '2026-06-11T18:56:39.132369', 4, FALSE, 100, 1, 100),
  (191, 147, '2026-06-11T18:56:39.132369', 8, FALSE, 150, 1, 150),
  (192, 148, '2026-06-12T12:14:09.795364', 1, FALSE, 100, 1, 100),
  (193, 149, '2026-06-12T12:14:34.689897', 4, FALSE, 100, 1, 100),
  (194, 149, '2026-06-12T12:14:34.689897', 9, FALSE, 100, 4, 400),
  (195, 150, '2026-06-12T12:15:02.959546', 1, FALSE, 100, 1, 100),
  (196, 150, '2026-06-12T12:15:02.959546', 3, FALSE, 100, 1, 100),
  (197, 150, '2026-06-12T12:15:02.959546', 8, FALSE, 150, 1, 150),
  (198, 150, '2026-06-12T12:15:02.959546', 9, FALSE, 100, 3, 300),
  (199, 151, '2026-06-12T12:18:50.888654', 4, FALSE, 100, 2, 200),
  (200, 152, '2026-06-12T12:26:00.40005', 4, FALSE, 100, 2, 200),
  (201, 153, '2026-06-12T12:34:29.25715', 4, FALSE, 100, 1, 100),
  (202, 154, '2026-06-12T12:34:33.488632', 8, FALSE, 150, 2, 300),
  (203, 155, '2026-06-12T12:37:42.694183', 4, FALSE, 100, 1, 100),
  (204, 156, '2026-06-12T13:03:41.410127', 9, FALSE, 100, 1, 100),
  (205, 157, '2026-06-12T13:04:17.116085', 4, FALSE, 100, 1, 100),
  (206, 158, '2026-06-12T13:25:33.840496', 3, FALSE, 100, 2, 200),
  (207, 159, '2026-06-12T13:25:52.18699', 1, FALSE, 100, 1, 100),
  (208, 159, '2026-06-12T13:25:52.18699', 2, FALSE, 100, 1, 100),
  (209, 159, '2026-06-12T13:25:52.18699', 4, FALSE, 100, 1, 100),
  (210, 160, '2026-06-12T14:11:45.016168', 9, FALSE, 100, 2, 200),
  (211, 161, '2026-06-12T14:12:07.138522', 4, FALSE, 100, 1, 100),
  (212, 161, '2026-06-12T14:12:07.138522', 8, FALSE, 150, 1, 150),
  (213, 161, '2026-06-12T14:12:07.138522', 9, FALSE, 100, 3, 300),
  (214, 162, '2026-06-12T14:13:06.65201', 8, FALSE, 150, 1, 150),
  (215, 162, '2026-06-12T14:13:06.65201', 3, FALSE, 100, 2, 200),
  (216, 163, '2026-06-12T14:21:52.739052', 3, FALSE, 100, 1, 100),
  (217, 164, '2026-06-12T14:36:59.097029', 3, FALSE, 100, 1, 100),
  (218, 165, '2026-06-12T14:38:18.921177', 3, FALSE, 100, 1, 100),
  (219, 166, '2026-06-12T14:41:09.866801', 9, FALSE, 100, 2, 200),
  (220, 167, '2026-06-12T15:53:20.900505', 9, FALSE, 100, 1, 100),
  (221, 168, '2026-06-12T16:37:22.57302', 5, FALSE, 100, 2, 200),
  (222, 169, '2026-06-12T16:40:40.455705', 9, FALSE, 100, 2, 200),
  (223, 170, '2026-06-12T16:57:04.89558', 1, FALSE, 100, 1, 100),
  (224, 171, '2026-06-12T17:04:54.393978', 4, FALSE, 100, 3, 300),
  (225, 172, '2026-06-12T18:52:16.303396', 8, FALSE, 150, 1, 150),
  (226, 173, '2026-06-12T19:12:55.408287', 8, FALSE, 150, 1, 150),
  (227, 174, '2026-06-12T19:41:21.46146', 4, FALSE, 100, 2, 200),
  (228, 175, '2026-06-12T19:51:35.524289', 1, FALSE, 100, 1, 100),
  (229, 176, '2026-06-13T11:53:06.576468', 8, FALSE, 150, 2, 300),
  (230, 176, '2026-06-13T11:53:06.576468', 4, FALSE, 100, 1, 100),
  (231, 176, '2026-06-13T11:53:06.576468', 9, FALSE, 100, 1, 100),
  (232, 177, '2026-06-13T11:53:18.071497', 8, FALSE, 150, 2, 300),
  (233, 177, '2026-06-13T11:53:18.071497', 9, FALSE, 100, 2, 200),
  (234, 178, '2026-06-13T11:55:07.245498', 1, FALSE, 100, 3, 300),
  (235, 178, '2026-06-13T11:55:07.245498', 8, FALSE, 150, 1, 150),
  (236, 179, '2026-06-13T11:55:39.693997', 9, FALSE, 100, 1, 100),
  (237, 179, '2026-06-13T11:55:39.693997', 5, FALSE, 100, 1, 100),
  (238, 179, '2026-06-13T11:55:39.693997', 8, FALSE, 150, 1, 150),
  (239, 179, '2026-06-13T11:55:39.693997', 3, FALSE, 100, 2, 200),
  (240, 180, '2026-06-13T11:55:50.094534', 4, FALSE, 100, 1, 100),
  (241, 180, '2026-06-13T11:55:50.094534', 5, FALSE, 100, 2, 200),
  (242, 181, '2026-06-13T13:01:10.489293', 8, FALSE, 150, 1, 150),
  (243, 181, '2026-06-13T13:01:10.489293', 9, FALSE, 100, 1, 100),
  (244, 182, '2026-06-13T13:27:31.717764', 8, FALSE, 150, 4, 600),
  (245, 183, '2026-06-13T13:34:49.516004', 9, FALSE, 100, 1, 100),
  (246, 183, '2026-06-13T13:34:49.516004', 9, FALSE, 50, 1, 50),
  (248, 184, '2026-06-13T13:45:44.429179', 8, FALSE, 150, 2, 300),
  (249, 185, '2026-06-13T13:55:06.519044', 3, FALSE, 100, 1, 100),
  (250, 186, '2026-06-13T13:56:21.327494', 8, FALSE, 150, 7, 1050),
  (251, 187, '2026-06-13T14:02:31.544485', 5, FALSE, 100, 1, 100),
  (252, 187, '2026-06-13T14:02:31.544485', 3, FALSE, 100, 1, 100),
  (253, 188, '2026-06-13T14:11:59.099877', 9, FALSE, 100, 1, 100),
  (254, 189, '2026-06-13T14:27:01.849496', 9, FALSE, 100, 3, 300),
  (255, 190, '2026-06-13T14:27:55.648437', 1, FALSE, 100, 1, 100),
  (256, 191, '2026-06-13T14:33:31.355779', 5, FALSE, 100, 1, 100),
  (257, 191, '2026-06-13T14:33:31.355779', 3, FALSE, 100, 1, 100),
  (258, 192, '2026-06-13T14:40:39.102297', 4, FALSE, 100, 2, 200),
  (259, 192, '2026-06-13T14:40:39.102297', 3, FALSE, 100, 1, 100),
  (260, 193, '2026-06-13T14:46:40.359411', 4, FALSE, 100, 2, 200),
  (261, 194, '2026-06-13T14:47:41.386058', 9, FALSE, 100, 1, 100),
  (262, 195, '2026-06-13T14:58:59.642939', 5, FALSE, 100, 1, 100),
  (263, 195, '2026-06-13T14:58:59.642939', 4, FALSE, 100, 1, 100),
  (264, 196, '2026-06-13T15:04:07.168536', 4, FALSE, 100, 3, 300),
  (265, 197, '2026-06-13T15:09:32.497136', 9, FALSE, 100, 2, 200),
  (266, 197, '2026-06-13T15:09:32.497136', 4, FALSE, 100, 2, 200),
  (267, 198, '2026-06-13T15:10:50.455203', 9, FALSE, 100, 1, 100),
  (268, 199, '2026-06-13T15:13:31.931108', 1, FALSE, 100, 1, 100),
  (269, 200, '2026-06-13T15:13:40.567055', 9, FALSE, 100, 1, 100),
  (270, 201, '2026-06-13T15:24:51.684132', 3, FALSE, 100, 4, 400),
  (271, 201, '2026-06-13T15:24:51.684132', 9, FALSE, 100, 4, 400),
  (272, 201, '2026-06-13T15:24:51.684132', 4, FALSE, 100, 5, 500),
  (273, 201, '2026-06-13T15:24:51.684132', 4, TRUE, 0, 1, 0),
  (274, 202, '2026-06-13T15:26:53.404733', 4, FALSE, 100, 1, 100),
  (275, 203, '2026-06-13T15:30:28.398729', 9, FALSE, 100, 3, 300),
  (276, 203, '2026-06-13T15:30:28.398729', 4, FALSE, 100, 3, 300),
  (277, 203, '2026-06-13T15:30:28.398729', 4, FALSE, 50, 1, 50),
  (278, 204, '2026-06-13T15:33:34.248567', 4, FALSE, 100, 1, 100),
  (279, 205, '2026-06-13T15:34:18.220984', 4, FALSE, 100, 2, 200),
  (280, 206, '2026-06-13T15:37:56.273859', 3, FALSE, 100, 1, 100),
  (281, 207, '2026-06-13T15:58:30.223396', 3, FALSE, 100, 1, 100),
  (282, 208, '2026-06-13T16:13:52.632302', 4, FALSE, 100, 1, 100),
  (284, 210, '2026-06-13T17:23:04.463659', 5, FALSE, 100, 1, 100),
  (285, 211, '2026-06-13T17:50:09.600901', 8, FALSE, 150, 3, 450),
  (286, 212, '2026-06-13T17:51:41.61107', 8, FALSE, 150, 3, 450),
  (287, 213, '2026-06-13T17:55:24.381383', 4, FALSE, 100, 1, 100),
  (288, 214, '2026-06-13T17:57:41.632824', 5, FALSE, 100, 1, 100),
  (289, 215, '2026-06-13T18:25:15.791564', 3, FALSE, 100, 1, 100),
  (290, 216, '2026-06-13T18:53:20.384334', 9, FALSE, 100, 1, 100),
  (291, 217, '2026-06-13T19:06:39.478315', 8, FALSE, 150, 2, 300),
  (292, 218, '2026-06-13T19:07:25.229529', 3, FALSE, 100, 1, 100),
  (293, 219, '2026-06-13T19:07:39.665164', 5, FALSE, 100, 3, 300),
  (294, 219, '2026-06-13T19:07:39.665164', 4, FALSE, 100, 2, 200),
  (295, 220, '2026-06-13T19:14:03.162723', 5, FALSE, 100, 1, 100),
  (297, 222, '2026-06-13T19:20:45.760712', 9, FALSE, 100, 1, 100),
  (298, 209, '2026-06-13T19:21:27.586052', 9, FALSE, 100, 1, 100),
  (299, 223, '2026-06-13T19:30:03.839265', 9, FALSE, 100, 1, 100),
  (300, 224, '2026-06-13T19:38:04.641839', 3, FALSE, 100, 1, 100),
  (301, 225, '2026-06-13T19:47:19.460359', 9, FALSE, 100, 1, 100),
  (302, 226, '2026-06-14T10:02:00.000154', 1, FALSE, 100, 2, 200),
  (303, 226, '2026-06-14T10:02:00.000154', 9, FALSE, 100, 2, 200),
  (304, 226, '2026-06-14T10:02:00.000154', 5, FALSE, 100, 1, 100),
  (305, 227, '2026-06-14T10:30:44.163968', 3, FALSE, 100, 2, 200),
  (306, 228, '2026-06-14T10:38:40.705798', 4, FALSE, 100, 2, 200),
  (307, 229, '2026-06-14T10:49:50.754524', 4, FALSE, 100, 2, 200),
  (308, 229, '2026-06-14T10:49:50.754524', 3, FALSE, 100, 1, 100),
  (309, 230, '2026-06-14T11:29:44.428972', 5, FALSE, 100, 1, 100),
  (310, 231, '2026-06-14T11:30:41.496768', 3, FALSE, 100, 3, 300),
  (311, 231, '2026-06-14T11:30:41.496768', 5, FALSE, 100, 1, 100),
  (312, 231, '2026-06-14T11:30:41.496768', 1, FALSE, 100, 1, 100),
  (313, 232, '2026-06-14T11:37:42.724169', 1, FALSE, 100, 1, 100),
  (314, 233, '2026-06-14T11:44:20.907852', 5, FALSE, 100, 3, 300),
  (315, 234, '2026-06-14T11:48:22.543301', 8, FALSE, 150, 1, 150),
  (316, 235, '2026-06-14T11:48:43.403292', 9, FALSE, 100, 2, 200),
  (317, 236, '2026-06-14T12:02:00.01772', 5, FALSE, 100, 1, 100),
  (318, 236, '2026-06-14T12:02:00.01772', 9, FALSE, 100, 1, 100),
  (319, 237, '2026-06-14T12:20:37.044635', 8, FALSE, 150, 1, 150),
  (320, 238, '2026-06-14T13:08:04.854229', 8, FALSE, 150, 1, 150),
  (321, 239, '2026-06-14T13:34:43.215203', 4, FALSE, 100, 1, 100),
  (322, 240, '2026-06-14T13:42:56.123194', 9, FALSE, 100, 1, 100),
  (323, 241, '2026-06-14T13:47:55.246714', 5, FALSE, 100, 4, 400),
  (324, 241, '2026-06-14T13:47:55.246714', 8, FALSE, 150, 2, 300),
  (325, 241, '2026-06-14T13:47:55.246714', 4, FALSE, 100, 1, 100),
  (326, 242, '2026-06-14T13:48:37.583089', 8, FALSE, 150, 1, 150),
  (327, 243, '2026-06-14T13:50:02.519866', 3, FALSE, 100, 1, 100),
  (328, 244, '2026-06-14T14:04:56.327845', 8, FALSE, 150, 1, 150),
  (329, 245, '2026-06-14T14:08:41.84412', 4, FALSE, 100, 2, 200),
  (330, 246, '2026-06-14T14:43:07.66853', 4, FALSE, 100, 1, 100),
  (331, 247, '2026-06-14T14:55:35.426077', 8, FALSE, 150, 5, 750),
  (332, 247, '2026-06-14T14:55:35.426077', 8, FALSE, 100, 2, 200),
  (333, 248, '2026-06-14T15:01:30.284575', 3, FALSE, 100, 1, 100),
  (334, 248, '2026-06-14T15:01:30.284575', 9, FALSE, 100, 1, 100),
  (335, 249, '2026-06-14T15:01:45.258872', 8, FALSE, 150, 4, 600),
  (336, 250, '2026-06-14T15:07:43.411776', 3, FALSE, 100, 1, 100),
  (337, 251, '2026-06-14T15:07:46.943119', 8, FALSE, 150, 1, 150),
  (338, 252, '2026-06-14T15:13:11.651681', 9, FALSE, 100, 1, 100),
  (339, 253, '2026-06-14T15:16:06.709811', 4, FALSE, 100, 1, 100),
  (340, 254, '2026-06-14T15:22:50.814639', 4, FALSE, 100, 1, 100),
  (341, 254, '2026-06-14T15:22:50.814639', 3, FALSE, 100, 1, 100),
  (342, 255, '2026-06-14T15:37:50.718597', 9, FALSE, 100, 3, 300),
  (343, 256, '2026-06-14T15:37:54.58911', 4, FALSE, 100, 2, 200),
  (344, 257, '2026-06-14T15:47:03.86302', 8, FALSE, 150, 1, 150),
  (345, 258, '2026-06-14T15:54:07.630788', 4, FALSE, 100, 1, 100),
  (346, 258, '2026-06-14T15:54:07.630788', 1, FALSE, 100, 1, 100),
  (347, 259, '2026-06-14T16:19:37.891663', 5, FALSE, 100, 3, 300),
  (348, 260, '2026-06-14T16:20:40.899828', 8, FALSE, 150, 1, 150),
  (349, 261, '2026-06-14T16:20:54.028008', 4, FALSE, 100, 1, 100),
  (350, 261, '2026-06-14T16:20:54.028008', 9, FALSE, 100, 1, 100),
  (351, 262, '2026-06-14T16:47:11.148827', 3, FALSE, 100, 1, 100),
  (352, 263, '2026-06-14T17:15:59.400414', 8, FALSE, 150, 1, 150),
  (353, 264, '2026-06-14T18:02:50.380231', 9, FALSE, 100, 3, 300),
  (354, 265, '2026-06-14T18:36:44.368584', 3, FALSE, 100, 2, 200),
  (355, 266, '2026-06-14T18:51:26.211885', 9, FALSE, 100, 2, 200),
  (356, 266, '2026-06-14T18:51:26.211885', 1, FALSE, 100, 2, 200),
  (357, 267, '2026-06-14T18:56:26.087529', 9, FALSE, 100, 1, 100),
  (358, 268, '2026-06-14T19:00:09.419303', 3, FALSE, 100, 3, 300),
  (359, 269, '2026-06-14T19:05:05.161714', 9, FALSE, 100, 1, 100),
  (360, 270, '2026-06-14T19:18:28.193814', 9, FALSE, 100, 2, 200),
  (361, 271, '2026-06-14T19:22:54.702307', 3, FALSE, 100, 1, 100),
  (362, 272, '2026-06-15T11:46:13.146383', 9, FALSE, 100, 1, 100),
  (363, 273, '2026-06-15T11:46:22.010134', 4, FALSE, 100, 2, 200),
  (364, 273, '2026-06-15T11:46:22.010134', 9, FALSE, 100, 1, 100),
  (365, 274, '2026-06-15T12:59:52.700811', 7, FALSE, 50, 1, 50),
  (366, 274, '2026-06-15T12:59:52.700811', 9, FALSE, 100, 1, 100),
  (367, 274, '2026-06-15T12:59:52.700811', 4, FALSE, 100, 2, 200),
  (368, 275, '2026-06-15T13:00:17.238382', 4, FALSE, 100, 1, 100),
  (369, 275, '2026-06-15T13:00:17.238382', 9, FALSE, 100, 2, 200),
  (370, 276, '2026-06-15T13:00:32.047241', 4, FALSE, 100, 3, 300),
  (371, 276, '2026-06-15T13:00:32.047241', 9, FALSE, 100, 1, 100),
  (372, 276, '2026-06-15T13:00:32.047241', 5, FALSE, 100, 1, 100),
  (373, 276, '2026-06-15T13:00:32.047241', 8, FALSE, 150, 1, 150),
  (374, 277, '2026-06-15T13:09:21.053787', 9, FALSE, 100, 2, 200),
  (375, 278, '2026-06-15T14:02:31.399324', 9, FALSE, 100, 1, 100),
  (376, 279, '2026-06-15T14:11:30.678065', 9, FALSE, 100, 3, 300),
  (377, 280, '2026-06-15T14:20:00.336606', 4, FALSE, 100, 1, 100),
  (380, 282, '2026-06-15T14:38:10.968939', 3, FALSE, 100, 1, 100),
  (381, 281, '2026-06-15T14:38:41.587595', 4, FALSE, 100, 1, 100),
  (382, 281, '2026-06-15T14:38:41.587595', 9, FALSE, 100, 1, 100),
  (383, 281, '2026-06-15T14:38:41.587595', 3, FALSE, 100, 1, 100),
  (384, 283, '2026-06-15T14:46:25.459388', 8, FALSE, 150, 1, 150),
  (385, 283, '2026-06-15T14:46:25.459388', 5, FALSE, 100, 1, 100),
  (386, 284, '2026-06-15T14:55:55.221329', 4, FALSE, 100, 1, 100),
  (387, 285, '2026-06-15T15:16:25.8966', 9, FALSE, 100, 1, 100),
  (388, 286, '2026-06-15T15:17:29.418194', 8, FALSE, 150, 4, 600),
  (389, 287, '2026-06-15T16:13:32.860649', 9, FALSE, 100, 1, 100),
  (390, 288, '2026-06-15T16:13:38.040967', 3, FALSE, 100, 1, 100),
  (391, 289, '2026-06-15T16:13:42.088942', 8, FALSE, 150, 2, 300),
  (392, 290, '2026-06-15T16:14:08.033085', 1, FALSE, 100, 1, 100),
  (393, 291, '2026-06-15T16:15:41.665641', 8, FALSE, 150, 1, 150),
  (394, 292, '2026-06-15T16:17:07.532791', 4, FALSE, 100, 1, 100),
  (395, 293, '2026-06-15T16:33:33.937703', 8, FALSE, 150, 3, 450),
  (396, 294, '2026-06-15T16:35:18.163729', 4, FALSE, 100, 1, 100),
  (397, 295, '2026-06-15T16:38:23.728883', 4, FALSE, 100, 3, 300),
  (398, 296, '2026-06-15T17:46:09.211556', 9, FALSE, 100, 1, 100),
  (399, 297, '2026-06-15T17:47:05.251983', 9, FALSE, 100, 2, 200),
  (400, 297, '2026-06-15T17:47:05.251983', 9, FALSE, 80, 1, 80),
  (401, 298, '2026-06-15T18:15:27.13101', 9, FALSE, 100, 1, 100),
  (402, 299, '2026-06-15T18:20:43.499683', 9, FALSE, 100, 2, 200),
  (403, 300, '2026-06-15T18:32:36.761144', 3, FALSE, 100, 1, 100),
  (404, 301, '2026-06-15T18:32:44.117222', 8, FALSE, 150, 1, 150),
  (405, 302, '2026-06-15T19:43:17.101474', 9, FALSE, 100, 3, 300),
  (406, 303, '2026-06-16T11:53:51.028363', 9, FALSE, 100, 1, 100),
  (407, 304, '2026-06-16T11:53:56.553359', 5, FALSE, 100, 2, 200),
  (408, 305, '2026-06-16T11:54:02.942756', 9, FALSE, 100, 3, 300),
  (409, 306, '2026-06-16T11:54:14.549133', 4, FALSE, 100, 1, 100),
  (410, 306, '2026-06-16T11:54:14.549133', 9, FALSE, 100, 3, 300),
  (411, 307, '2026-06-16T11:54:22.940678', 8, FALSE, 150, 16, 2400),
  (412, 308, '2026-06-16T12:06:29.557447', 5, FALSE, 100, 1, 100),
  (413, 308, '2026-06-16T12:06:29.557447', 4, FALSE, 100, 1, 100),
  (414, 309, '2026-06-16T12:06:44.505637', 3, FALSE, 100, 1, 100),
  (415, 309, '2026-06-16T12:06:44.505637', 9, FALSE, 100, 1, 100),
  (416, 310, '2026-06-16T12:16:44.205529', 9, FALSE, 100, 1, 100),
  (417, 311, '2026-06-16T12:56:06.963181', 1, FALSE, 100, 1, 100),
  (418, 311, '2026-06-16T12:56:06.963181', 9, FALSE, 100, 1, 100),
  (419, 312, '2026-06-16T13:43:43.583122', 9, FALSE, 100, 2, 200),
  (420, 312, '2026-06-16T13:43:43.583122', 3, FALSE, 100, 1, 100),
  (421, 313, '2026-06-16T14:18:11.766378', 5, FALSE, 100, 2, 200),
  (422, 314, '2026-06-16T14:28:02.227732', 9, FALSE, 100, 2, 200),
  (423, 315, '2026-06-16T14:33:21.717544', 9, FALSE, 100, 2, 200),
  (424, 316, '2026-06-16T14:50:39.442583', 3, FALSE, 100, 1, 100),
  (425, 317, '2026-06-16T15:10:22.372965', 2, FALSE, 100, 1, 100),
  (426, 318, '2026-06-16T15:11:41.361153', 1, FALSE, 100, 1, 100),
  (427, 319, '2026-06-16T15:25:33.524565', 9, FALSE, 100, 1, 100),
  (428, 320, '2026-06-16T15:36:33.478938', 9, FALSE, 100, 1, 100),
  (429, 321, '2026-06-16T15:43:05.114479', 4, FALSE, 100, 3, 300),
  (430, 322, '2026-06-16T15:49:15.862156', 9, FALSE, 100, 1, 100),
  (431, 323, '2026-06-16T15:55:26.01559', 8, FALSE, 150, 1, 150),
  (432, 324, '2026-06-16T15:57:50.141977', 5, FALSE, 100, 4, 400),
  (433, 325, '2026-06-16T16:02:53.054481', 3, FALSE, 100, 2, 200),
  (434, 326, '2026-06-16T16:11:31.122247', 4, FALSE, 100, 1, 100),
  (435, 327, '2026-06-16T16:16:44.289215', 4, FALSE, 100, 1, 100),
  (436, 328, '2026-06-16T16:19:24.478407', 9, FALSE, 100, 3, 300),
  (437, 329, '2026-06-16T16:37:00.431374', 8, FALSE, 150, 2, 300),
  (438, 330, '2026-06-16T16:37:32.179549', 3, FALSE, 100, 3, 300),
  (439, 331, '2026-06-16T16:49:35.216352', 4, FALSE, 100, 1, 100),
  (440, 332, '2026-06-16T17:02:05.43753', 9, FALSE, 100, 2, 200),
  (441, 333, '2026-06-16T17:02:16.588939', 4, FALSE, 70, 1, 70),
  (442, 334, '2026-06-16T17:03:27.640786', 8, FALSE, 150, 1, 150),
  (443, 335, '2026-06-16T17:04:44.988666', 3, FALSE, 100, 1, 100),
  (444, 336, '2026-06-16T17:09:19.210156', 5, FALSE, 100, 2, 200),
  (445, 336, '2026-06-16T17:09:19.210156', 8, FALSE, 150, 2, 300),
  (446, 337, '2026-06-16T17:44:15.111746', 4, FALSE, 100, 1, 100),
  (447, 338, '2026-06-16T17:47:29.344405', 9, FALSE, 100, 2, 200),
  (448, 339, '2026-06-16T18:03:42.574642', 4, FALSE, 100, 1, 100),
  (449, 340, '2026-06-16T18:18:53.543949', 9, FALSE, 100, 2, 200),
  (450, 341, '2026-06-16T18:35:10.75981', 3, FALSE, 100, 3, 300),
  (451, 342, '2026-06-16T19:03:24.868097', 4, FALSE, 100, 2, 200),
  (452, 343, '2026-06-16T19:03:33.695222', 9, FALSE, 100, 3, 300),
  (453, 344, '2026-06-16T19:05:55.920465', 8, FALSE, 150, 1, 150),
  (454, 345, '2026-06-16T19:08:46.218876', 3, FALSE, 100, 1, 100),
  (455, 346, '2026-06-16T19:11:42.873901', 9, FALSE, 100, 2, 200),
  (456, 347, '2026-06-16T19:14:02.321088', 9, FALSE, 100, 2, 200),
  (457, 348, '2026-06-16T19:38:06.26029', 3, FALSE, 100, 1, 100),
  (458, 349, '2026-06-16T19:42:51.003476', 9, FALSE, 100, 1, 100),
  (460, 351, '2026-06-16T19:51:39.832131', 3, FALSE, 100, 2, 200),
  (461, 351, '2026-06-16T19:51:39.832131', 2, FALSE, 100, 1, 100),
  (462, 351, '2026-06-16T19:51:39.832131', 4, FALSE, 100, 1, 100),
  (463, 350, '2026-06-16T19:58:39.762822', 9, FALSE, 100, 1, 100),
  (464, 352, '2026-06-17T10:10:29.927135', 1, FALSE, 100, 1, 100),
  (465, 352, '2026-06-17T10:10:29.927135', 3, FALSE, 100, 2, 200),
  (466, 353, '2026-06-17T10:45:17.5326', 8, FALSE, 150, 3, 450),
  (467, 353, '2026-06-17T10:45:17.5326', 3, FALSE, 100, 1, 100),
  (468, 353, '2026-06-17T10:45:17.5326', 2, FALSE, 100, 1, 100),
  (469, 354, '2026-06-17T10:54:10.775808', 4, FALSE, 100, 2, 200),
  (470, 354, '2026-06-17T10:54:10.775808', 4, FALSE, 70, 1, 70),
  (471, 355, '2026-06-17T11:14:09.550765', 8, FALSE, 150, 4, 600),
  (472, 356, '2026-06-17T11:36:11.556253', 4, FALSE, 100, 1, 100),
  (473, 356, '2026-06-17T11:36:11.556253', 9, FALSE, 100, 1, 100),
  (474, 356, '2026-06-17T11:36:11.556253', 8, FALSE, 150, 3, 450),
  (475, 357, '2026-06-17T11:53:04.94865', 8, FALSE, 150, 2, 300),
  (476, 358, '2026-06-17T11:53:14.491384', 9, FALSE, 100, 1, 100),
  (477, 359, '2026-06-17T13:17:23.698332', 9, FALSE, 100, 2, 200),
  (478, 360, '2026-06-17T13:17:29.587752', 4, FALSE, 100, 2, 200),
  (479, 361, '2026-06-17T13:17:52.291725', 9, FALSE, 100, 1, 100),
  (480, 362, '2026-06-17T13:18:06.027949', 3, FALSE, 100, 1, 100),
  (481, 362, '2026-06-17T13:18:06.027949', 4, FALSE, 100, 1, 100),
  (482, 363, '2026-06-17T13:18:13.136047', 1, FALSE, 100, 2, 200),
  (483, 363, '2026-06-17T13:18:13.136047', 3, FALSE, 100, 1, 100),
  (484, 364, '2026-06-17T13:18:25.039689', 3, FALSE, 100, 1, 100),
  (485, 364, '2026-06-17T13:18:25.039689', 4, FALSE, 100, 2, 200),
  (486, 365, '2026-06-17T13:51:01.959951', 8, FALSE, 150, 1, 150),
  (487, 365, '2026-06-17T13:51:01.959951', 3, FALSE, 100, 1, 100),
  (488, 366, '2026-06-17T14:21:06.492633', 4, FALSE, 100, 1, 100),
  (489, 367, '2026-06-17T14:27:03.517184', 1, FALSE, 100, 1, 100),
  (490, 367, '2026-06-17T14:27:03.517184', 5, FALSE, 100, 1, 100),
  (491, 367, '2026-06-17T14:27:03.517184', 3, FALSE, 100, 1, 100),
  (492, 368, '2026-06-17T14:27:44.368103', 9, FALSE, 100, 2, 200),
  (493, 368, '2026-06-17T14:27:44.368103', 4, FALSE, 100, 1, 100),
  (494, 369, '2026-06-17T14:49:47.473165', 4, FALSE, 100, 1, 100),
  (495, 370, '2026-06-17T15:38:29.148384', 1, FALSE, 100, 2, 200),
  (496, 371, '2026-06-17T15:40:22.379861', 4, FALSE, 100, 1, 100),
  (497, 372, '2026-06-17T15:56:55.119951', 9, FALSE, 100, 1, 100),
  (498, 373, '2026-06-17T16:57:13.309391', 9, FALSE, 100, 1, 100),
  (499, 374, '2026-06-17T16:57:44.818099', 9, FALSE, 100, 2, 200),
  (500, 374, '2026-06-17T16:57:44.818099', 5, FALSE, 100, 1, 100),
  (501, 375, '2026-06-17T16:58:02.04299', 9, FALSE, 100, 3, 300),
  (502, 375, '2026-06-17T16:58:02.04299', 5, FALSE, 100, 1, 100),
  (503, 376, '2026-06-17T17:55:58.780634', 9, FALSE, 100, 1, 100),
  (504, 377, '2026-06-17T18:07:42.768256', 4, FALSE, 100, 1, 100),
  (505, 377, '2026-06-17T18:07:42.768256', 9, FALSE, 100, 1, 100),
  (506, 378, '2026-06-17T18:08:21.456931', 4, FALSE, 100, 1, 100),
  (507, 379, '2026-06-17T18:29:14.544172', 8, FALSE, 150, 1, 150),
  (508, 380, '2026-06-17T18:30:45.914225', 5, FALSE, 100, 2, 200),
  (509, 381, '2026-06-17T18:44:54.960274', 9, FALSE, 100, 2, 200),
  (510, 382, '2026-06-17T19:29:43.798173', 9, FALSE, 100, 1, 100),
  (511, 383, '2026-06-18T10:23:45.279778', 9, FALSE, 100, 2, 200),
  (512, 384, '2026-06-18T10:46:20.828447', 4, FALSE, 100, 1, 100),
  (513, 385, '2026-06-18T11:11:14.443224', 5, FALSE, 100, 1, 100),
  (514, 386, '2026-06-18T11:21:56.087372', 4, FALSE, 100, 1, 100),
  (515, 387, '2026-06-18T11:25:31.718462', 4, FALSE, 100, 2, 200),
  (516, 388, '2026-06-18T11:29:21.13548', 1, FALSE, 100, 1, 100),
  (517, 389, '2026-06-18T11:44:18.272596', 9, FALSE, 100, 3, 300),
  (518, 390, '2026-06-18T12:03:03.892671', 3, FALSE, 100, 2, 200),
  (519, 391, '2026-06-18T12:59:49.613467', 8, FALSE, 150, 1, 150),
  (520, 392, '2026-06-18T13:29:09.740129', 8, FALSE, 150, 1, 150),
  (521, 393, '2026-06-18T13:30:32.988846', 2, FALSE, 100, 1, 100),
  (522, 393, '2026-06-18T13:30:32.988846', 9, FALSE, 100, 1, 100),
  (523, 393, '2026-06-18T13:30:32.988846', 3, FALSE, 100, 1, 100),
  (524, 394, '2026-06-18T13:33:51.187885', 9, FALSE, 100, 1, 100),
  (525, 395, '2026-06-18T13:38:38.240016', 8, FALSE, 150, 1, 150),
  (526, 396, '2026-06-18T13:38:42.670139', 4, FALSE, 100, 1, 100),
  (527, 397, '2026-06-18T14:26:30.030501', 4, FALSE, 100, 1, 100),
  (528, 398, '2026-06-18T14:26:56.142404', 1, FALSE, 100, 1, 100),
  (529, 399, '2026-06-18T14:27:09.428254', 1, FALSE, 100, 1, 100),
  (530, 399, '2026-06-18T14:27:09.428254', 3, FALSE, 100, 1, 100),
  (531, 400, '2026-06-18T14:27:19.767371', 8, FALSE, 150, 1, 150),
  (532, 400, '2026-06-18T14:27:19.767371', 9, FALSE, 100, 1, 100),
  (533, 401, '2026-06-18T14:35:38.892804', 3, FALSE, 100, 2, 200),
  (534, 402, '2026-06-18T15:15:45.066696', 4, FALSE, 100, 1, 100),
  (535, 402, '2026-06-18T15:15:45.066696', 2, FALSE, 100, 1, 100),
  (536, 403, '2026-06-18T15:23:42.741499', 9, FALSE, 100, 2, 200),
  (537, 404, '2026-06-18T15:36:12.889231', 9, FALSE, 100, 1, 100),
  (539, 405, '2026-06-18T15:49:23.266382', 8, FALSE, 150, 1, 150),
  (540, 406, '2026-06-18T16:43:41.273694', 4, FALSE, 100, 1, 100),
  (541, 407, '2026-06-18T16:54:56.055741', 8, FALSE, 150, 3, 450),
  (542, 407, '2026-06-18T16:54:56.055741', 3, FALSE, 100, 3, 300),
  (543, 408, '2026-06-18T17:05:27.360798', 3, FALSE, 100, 1, 100),
  (544, 408, '2026-06-18T17:05:27.360798', 9, FALSE, 100, 1, 100),
  (545, 409, '2026-06-18T17:39:05.081203', 9, FALSE, 100, 2, 200),
  (546, 410, '2026-06-18T18:49:06.183943', 9, FALSE, 100, 3, 300),
  (547, 411, '2026-06-19T10:12:05.5289', 3, FALSE, 100, 4, 400),
  (548, 412, '2026-06-19T10:12:27.709799', 2, FALSE, 100, 2, 200),
  (549, 413, '2026-06-19T10:35:16.551264', 8, FALSE, 150, 1, 150),
  (550, 414, '2026-06-19T10:40:07.621489', 4, FALSE, 100, 2, 200),
  (551, 415, '2026-06-19T10:53:38.123536', 4, FALSE, 100, 5, 500),
  (552, 416, '2026-06-19T10:53:42.566873', 9, FALSE, 100, 2, 200),
  (553, 417, '2026-06-19T10:53:49.422745', 4, FALSE, 100, 3, 300),
  (554, 418, '2026-06-19T11:04:47.984679', 3, FALSE, 100, 1, 100),
  (555, 419, '2026-06-19T11:28:55.612718', 8, FALSE, 150, 2, 300),
  (556, 420, '2026-06-19T11:31:51.329218', 9, FALSE, 100, 1, 100),
  (557, 421, '2026-06-19T11:48:41.527687', 5, FALSE, 100, 1, 100),
  (558, 422, '2026-06-19T12:08:04.314139', 3, FALSE, 100, 2, 200),
  (559, 423, '2026-06-19T12:25:32.544992', 4, FALSE, 100, 1, 100),
  (560, 424, '2026-06-19T12:50:12.72275', 8, FALSE, 150, 1, 150),
  (561, 424, '2026-06-19T12:50:12.72275', 4, FALSE, 100, 3, 300),
  (562, 425, '2026-06-19T12:54:34.808443', 4, FALSE, 100, 1, 100),
  (563, 426, '2026-06-19T13:03:38.866009', 4, FALSE, 100, 4, 400),
  (564, 427, '2026-06-19T13:15:03.303738', 9, FALSE, 100, 1, 100),
  (565, 428, '2026-06-19T13:20:51.43074', 9, FALSE, 100, 2, 200),
  (566, 429, '2026-06-19T13:33:51.872873', 5, FALSE, 100, 1, 100),
  (567, 430, '2026-06-19T13:42:45.292177', 8, FALSE, 150, 6, 900),
  (568, 431, '2026-06-19T13:59:51.505911', 9, FALSE, 100, 1, 100),
  (569, 432, '2026-06-19T14:00:43.896285', 8, FALSE, 150, 1, 150),
  (570, 433, '2026-06-19T14:09:23.404159', 9, FALSE, 100, 1, 100),
  (571, 433, '2026-06-19T14:09:23.404159', 1, FALSE, 100, 1, 100),
  (572, 434, '2026-06-19T14:15:36.710047', 1, FALSE, 100, 2, 200),
  (573, 434, '2026-06-19T14:15:36.710047', 4, FALSE, 100, 1, 100),
  (574, 434, '2026-06-19T14:15:36.710047', 3, FALSE, 100, 1, 100),
  (575, 435, '2026-06-19T14:30:37.803943', 9, FALSE, 100, 5, 500),
  (576, 436, '2026-06-19T14:43:09.555385', 5, FALSE, 100, 1, 100),
  (577, 436, '2026-06-19T14:43:09.555385', 9, FALSE, 100, 2, 200),
  (578, 437, '2026-06-19T14:45:47.523984', 4, FALSE, 100, 1, 100),
  (579, 438, '2026-06-19T15:10:52.733497', 4, FALSE, 100, 2, 200),
  (580, 439, '2026-06-19T15:14:18.422014', 9, FALSE, 100, 3, 300),
  (581, 440, '2026-06-19T15:16:20.952369', 1, FALSE, 100, 2, 200),
  (582, 440, '2026-06-19T15:16:20.952369', 3, FALSE, 100, 1, 100),
  (583, 441, '2026-06-19T15:53:54.134526', 9, FALSE, 100, 1, 100),
  (584, 441, '2026-06-19T15:53:54.134526', 1, FALSE, 80, 1, 80),
  (585, 442, '2026-06-19T15:54:29.065063', 9, FALSE, 100, 1, 100),
  (586, 443, '2026-06-19T16:02:35.306014', 9, FALSE, 100, 5, 500),
  (587, 444, '2026-06-19T16:02:40.583042', 9, FALSE, 100, 1, 100),
  (588, 444, '2026-06-19T16:02:40.583042', 2, FALSE, 100, 1, 100),
  (589, 445, '2026-06-19T16:11:05.167054', 9, FALSE, 100, 2, 200),
  (590, 446, '2026-06-19T16:31:54.816371', 5, FALSE, 100, 1, 100),
  (591, 447, '2026-06-19T17:31:10.568022', 4, FALSE, 100, 2, 200),
  (592, 447, '2026-06-19T17:31:10.568022', 9, FALSE, 100, 1, 100),
  (593, 448, '2026-06-19T17:58:39.416103', 9, FALSE, 100, 1, 100),
  (594, 449, '2026-06-19T18:01:41.730827', 9, FALSE, 100, 2, 200),
  (595, 450, '2026-06-19T18:20:18.038252', 1, FALSE, 100, 1, 100),
  (596, 451, '2026-06-19T18:42:34.287763', 8, FALSE, 150, 1, 150),
  (598, 452, '2026-06-19T19:39:47.120502', 1, FALSE, 100, 1, 100),
  (599, 453, '2026-06-19T19:51:29.824158', 9, FALSE, 100, 4, 400),
  (600, 454, '2026-06-19T20:00:03.903436', 4, FALSE, 100, 3, 300),
  (601, 455, '2026-06-20T11:55:44.048722', 1, FALSE, 100, 2, 200),
  (602, 455, '2026-06-20T11:55:44.048722', 3, FALSE, 100, 1, 100),
  (603, 455, '2026-06-20T11:55:44.048722', 9, FALSE, 100, 2, 200),
  (604, 456, '2026-06-20T11:55:52.790393', 4, FALSE, 100, 1, 100),
  (605, 456, '2026-06-20T11:55:52.790393', 9, FALSE, 100, 2, 200),
  (606, 457, '2026-06-20T11:55:58.329985', 4, FALSE, 100, 2, 200),
  (607, 457, '2026-06-20T11:55:58.329985', 9, FALSE, 100, 1, 100),
  (608, 458, '2026-06-20T11:56:15.574074', 3, FALSE, 100, 2, 200),
  (609, 458, '2026-06-20T11:56:15.574074', 9, FALSE, 100, 2, 200),
  (610, 459, '2026-06-20T11:56:21.266443', 9, FALSE, 100, 3, 300),
  (611, 460, '2026-06-20T11:56:28.289779', 9, FALSE, 100, 4, 400),
  (612, 461, '2026-06-20T11:59:36.442416', 4, FALSE, 100, 1, 100),
  (613, 462, '2026-06-20T13:42:20.93308', 1, FALSE, 100, 1, 100),
  (614, 462, '2026-06-20T13:42:20.93308', 3, FALSE, 100, 1, 100),
  (615, 462, '2026-06-20T13:42:20.93308', 8, FALSE, 150, 1, 150),
  (616, 463, '2026-06-20T13:42:54.515133', 9, FALSE, 100, 5, 500),
  (617, 464, '2026-06-20T13:43:00.5694', 8, FALSE, 150, 1, 150),
  (618, 464, '2026-06-20T13:43:00.5694', 9, FALSE, 100, 1, 100),
  (619, 465, '2026-06-20T13:46:59.867', 1, FALSE, 100, 1, 100),
  (620, 466, '2026-06-20T13:49:08.723501', 8, FALSE, 150, 2, 300),
  (621, 467, '2026-06-20T13:51:37.173205', 1, FALSE, 100, 2, 200),
  (622, 468, '2026-06-20T13:51:40.663027', 8, FALSE, 150, 1, 150),
  (623, 469, '2026-06-20T14:12:02.96404', 3, FALSE, 100, 2, 200),
  (624, 469, '2026-06-20T14:12:02.96404', 4, FALSE, 100, 2, 200),
  (625, 470, '2026-06-20T14:12:31.135383', 3, FALSE, 100, 1, 100),
  (626, 470, '2026-06-20T14:12:31.135383', 9, FALSE, 100, 2, 200),
  (627, 471, '2026-06-20T14:31:24.724955', 5, FALSE, 100, 2, 200),
  (628, 472, '2026-06-20T14:35:56.888406', 9, FALSE, 100, 1, 100),
  (630, 473, '2026-06-20T14:46:19.088445', 3, FALSE, 100, 1, 100),
  (631, 474, '2026-06-20T14:47:39.355346', 9, FALSE, 100, 1, 100),
  (632, 475, '2026-06-20T15:14:19.828724', 4, FALSE, 100, 1, 100),
  (633, 476, '2026-06-20T15:36:26.53214', 9, FALSE, 100, 1, 100),
  (634, 477, '2026-06-20T15:41:21.435173', 9, FALSE, 100, 1, 100),
  (635, 478, '2026-06-20T15:59:30.1886', 3, FALSE, 100, 1, 100),
  (636, 479, '2026-06-20T16:01:20.476267', 4, FALSE, 100, 1, 100),
  (637, 479, '2026-06-20T16:01:20.476267', 3, FALSE, 100, 1, 100),
  (638, 480, '2026-06-20T16:08:25.118395', 8, FALSE, 150, 3, 450),
  (639, 480, '2026-06-20T16:08:25.118395', 3, FALSE, 100, 1, 100),
  (640, 480, '2026-06-20T16:08:25.118395', 5, FALSE, 100, 1, 100),
  (641, 480, '2026-06-20T16:08:25.118395', 4, FALSE, 100, 1, 100),
  (642, 481, '2026-06-20T20:44:46.643519', 1, FALSE, 100, 4, 400),
  (643, 482, '2026-06-20T20:45:41.131331', 3, FALSE, 100, 4, 400),
  (644, 483, '2026-06-20T20:45:52.382062', 4, FALSE, 100, 2, 200),
  (645, 484, '2026-06-20T20:46:10.229482', 5, FALSE, 100, 4, 400),
  (646, 485, '2026-06-20T20:46:31.308873', 2, FALSE, 100, 1, 100),
  (647, 486, '2026-06-20T20:46:49.071912', 8, FALSE, 150, 6, 900),
  (648, 487, '2026-06-20T20:47:13.707724', 9, FALSE, 100, 8, 800),
  (649, 488, '2026-06-21T10:40:03.662279', 4, FALSE, 100, 1, 100),
  (650, 488, '2026-06-21T10:40:03.662279', 9, FALSE, 100, 1, 100),
  (651, 489, '2026-06-21T10:41:46.911127', 5, FALSE, 100, 1, 100),
  (652, 489, '2026-06-21T10:41:46.911127', 1, FALSE, 100, 1, 100),
  (653, 489, '2026-06-21T10:41:46.911127', 9, FALSE, 60, 1, 60),
  (654, 490, '2026-06-21T12:14:51.157337', 9, FALSE, 100, 5, 500),
  (655, 491, '2026-06-21T12:54:27.007451', 8, FALSE, 150, 4, 600),
  (656, 492, '2026-06-21T12:54:36.687783', 1, FALSE, 100, 1, 100),
  (657, 493, '2026-06-21T12:54:57.006489', 3, FALSE, 100, 1, 100),
  (658, 493, '2026-06-21T12:54:57.006489', 8, FALSE, 150, 4, 600),
  (659, 494, '2026-06-21T12:58:01.920137', 4, FALSE, 100, 1, 100),
  (660, 495, '2026-06-21T12:58:05.274619', 1, FALSE, 100, 1, 100),
  (661, 496, '2026-06-21T13:03:44.969224', 8, FALSE, 150, 2, 300),
  (662, 497, '2026-06-21T13:05:55.316622', 9, FALSE, 100, 1, 100),
  (663, 498, '2026-06-21T13:11:06.928111', 4, FALSE, 100, 1, 100),
  (664, 499, '2026-06-21T13:17:57.824719', 3, FALSE, 100, 1, 100),
  (665, 500, '2026-06-21T13:30:33.226315', 9, FALSE, 100, 1, 100),
  (666, 501, '2026-06-21T13:35:58.258804', 3, FALSE, 100, 1, 100),
  (667, 502, '2026-06-21T13:38:15.816415', 5, FALSE, 100, 1, 100),
  (668, 503, '2026-06-21T14:09:45.93784', 8, FALSE, 150, 1, 150),
  (669, 503, '2026-06-21T14:09:45.93784', 9, FALSE, 100, 2, 200),
  (670, 504, '2026-06-21T14:38:05.031517', 9, FALSE, 100, 2, 200),
  (671, 505, '2026-06-21T14:38:29.669061', 3, FALSE, 100, 1, 100),
  (672, 506, '2026-06-21T14:41:56.500433', 9, FALSE, 100, 2, 200),
  (673, 507, '2026-06-21T16:18:37.441751', 4, FALSE, 100, 1, 100),
  (674, 508, '2026-06-21T16:18:51.009957', 8, FALSE, 150, 1, 150),
  (675, 509, '2026-06-21T16:20:16.810093', 3, FALSE, 100, 1, 100),
  (676, 510, '2026-06-21T16:34:37.100191', 9, FALSE, 100, 1, 100),
  (677, 511, '2026-06-21T16:42:47.770785', 5, FALSE, 100, 1, 100),
  (678, 511, '2026-06-21T16:42:47.770785', 9, FALSE, 100, 1, 100),
  (679, 512, '2026-06-21T16:43:03.478933', 9, FALSE, 100, 2, 200),
  (680, 513, '2026-06-21T16:54:45.882106', 9, FALSE, 100, 2, 200),
  (681, 514, '2026-06-21T17:01:47.005816', 9, FALSE, 100, 1, 100),
  (682, 515, '2026-06-21T17:04:02.806547', 1, FALSE, 100, 1, 100),
  (683, 515, '2026-06-21T17:04:02.806547', 9, FALSE, 100, 1, 100),
  (684, 516, '2026-06-21T17:20:39.378352', 3, FALSE, 100, 2, 200),
  (685, 517, '2026-06-21T17:31:14.993175', 9, FALSE, 100, 2, 200),
  (686, 518, '2026-06-21T17:34:36.30723', 9, FALSE, 100, 1, 100),
  (687, 519, '2026-06-21T17:40:04.675815', 5, FALSE, 100, 1, 100),
  (688, 520, '2026-06-21T17:52:54.204642', 9, FALSE, 100, 2, 200),
  (689, 521, '2026-06-21T17:56:40.75532', 8, FALSE, 150, 2, 300),
  (690, 522, '2026-06-21T18:08:37.630385', 3, FALSE, 100, 1, 100),
  (691, 523, '2026-06-21T19:07:05.34634', 1, FALSE, 100, 1, 100),
  (692, 524, '2026-06-21T19:08:13.041251', 9, FALSE, 100, 2, 200),
  (693, 525, '2026-06-21T19:57:56.79219', 1, FALSE, 100, 1, 100);


-- expenses: no data

SET session_replication_role = DEFAULT;