-- GibStock Database Backup
-- วันที่: 2026-06-09_22-15-50
-- ────────────────────────────

SET session_replication_role = replica;

-- Table: product_type (9 rows)
INSERT INTO product_type (product_id, product_name, price, initial_stock, created_at, status) VALUES
  (1, 'เสื้อขาว', 100, 0, '2026-06-08T09:04:57.537093', 'active'),
  (2, 'เสื้อคลุม', 100, 0, '2026-06-08T09:05:13.797892', 'active'),
  (3, 'เสื้อดำ', 100, 0, '2026-06-08T09:17:27.959191', 'active'),
  (4, 'แฟชั่นรวมวัย', 100, 0, '2026-06-08T09:17:50.814706', 'active'),
  (5, 'กระโปรง', 100, 0, '2026-06-08T09:18:18.088354', 'active'),
  (6, 'เสื้อบนหุ่น', 100, 0, '2026-06-08T09:19:07.007583', 'active'),
  (7, 'เสื้อเด็ก', 50, 0, '2026-06-08T09:19:35.602131', 'active'),
  (8, 'เดรส', 150, 0, '2026-06-08T22:34:10.609789', 'active'),
  (9, 'เสื้อผู้ชาย', 100, 0, '2026-06-08T22:37:06.69633', 'active');


-- Table: stock (14 rows)
INSERT INTO stock (stock_id, product_id, product_name, qty_added, added_at) VALUES
  (1, 1, 'เสื้อขาว', 160, '2026-06-08T09:20:04.770733'),
  (2, 3, 'เสื้อดำ', 223, '2026-06-08T09:20:18.07386'),
  (3, 7, 'เสื้อเด็ก', 24, '2026-06-08T09:20:35.35658'),
  (4, 4, 'แฟชั่นรวมวัย', 607, '2026-06-08T09:20:51.997349'),
  (5, 5, 'กระโปรง', 181, '2026-06-08T09:21:16.862635'),
  (6, 2, 'เสื้อคลุม', 99, '2026-06-08T09:21:32.213668'),
  (7, 6, 'เสื้อบนหุ่น', 3, '2026-06-08T09:21:41.74418'),
  (8, 6, 'เสื้อบนหุ่น', 2, '2026-06-08T22:34:47.790057'),
  (9, 9, 'เสื้อผู้ชาย', 420, '2026-06-09T09:57:42.344371'),
  (10, 8, 'เดรส', 450, '2026-06-09T09:58:07.627709'),
  (11, 5, 'กระโปรง', 100, '2026-06-09T12:39:36.032344'),
  (12, 9, 'เสื้อผู้ชาย', 211, '2026-06-09T12:40:14.94568'),
  (13, 8, 'เดรส', 80, '2026-06-09T12:40:40.269718'),
  (14, 4, 'แฟชั่นรวมวัย', 50, '2026-06-09T12:41:42.08603');


-- Table: orders (73 rows)
INSERT INTO orders (order_id, date, total_qty, grand_total, payment_method) VALUES
  (1, '2026-06-08T13:43:17.429256', 6, 600, 'transfer'),
  (2, '2026-06-08T13:52:03.303591', 2, 200, 'cash'),
  (3, '2026-06-08T13:52:38.242085', 1, 100, 'cash'),
  (4, '2026-06-08T13:52:51.996708', 2, 200, 'cash'),
  (5, '2026-06-08T13:53:31.974862', 1, 100, 'cash'),
  (6, '2026-06-08T13:53:43.550581', 2, 200, 'cash'),
  (7, '2026-06-08T13:53:50.702747', 1, 100, 'cash'),
  (8, '2026-06-08T13:56:45.348298', 6, 600, 'cash'),
  (9, '2026-06-08T15:19:52.400157', 1, 100, 'cash'),
  (10, '2026-06-08T16:13:08.877776', 3, 300, 'cash'),
  (11, '2026-06-08T16:18:00.47666', 1, 100, 'cash'),
  (12, '2026-06-08T16:24:08.181014', 2, 200, 'cash'),
  (13, '2026-06-08T16:50:03.737269', 1, 100, 'transfer'),
  (14, '2026-06-08T16:59:26.95949', 1, 100, 'cash'),
  (15, '2026-06-08T17:01:02.236358', 1, 100, 'cash'),
  (16, '2026-06-08T17:17:24.868637', 2, 200, 'cash'),
  (17, '2026-06-08T17:58:45.311222', 1, 100, 'cash'),
  (18, '2026-06-08T18:12:55.579882', 1, 100, 'cash'),
  (19, '2026-06-08T18:14:59.396512', 2, 200, 'cash'),
  (20, '2026-06-08T18:19:56.150397', 2, 200, 'cash'),
  (21, '2026-06-08T18:31:53.281634', 1, 100, 'cash'),
  (22, '2026-06-08T19:01:01.306287', 2, 200, 'cash'),
  (23, '2026-06-09T09:58:20.346606', 1, 100, 'cash'),
  (24, '2026-06-09T10:14:36.191453', 1, 100, 'transfer'),
  (25, '2026-06-09T10:23:44.696113', 1, 100, 'cash'),
  (26, '2026-06-09T10:23:50.735735', 1, 100, 'transfer'),
  (27, '2026-06-09T11:21:11.248988', 1, 100, 'transfer'),
  (28, '2026-06-09T11:21:45.150037', 2, 300, 'transfer'),
  (29, '2026-06-09T11:22:37.770417', 11, 1000, 'transfer'),
  (30, '2026-06-09T11:22:59.772807', 1, 100, 'cash'),
  (31, '2026-06-09T12:18:01.793406', 1, 100, 'cash'),
  (32, '2026-06-09T12:18:10.946549', 5, 500, 'cash'),
  (33, '2026-06-09T12:19:15.908335', 1, 150, 'cash'),
  (34, '2026-06-09T12:19:24.704852', 2, 200, 'cash'),
  (35, '2026-06-09T12:19:33.507173', 3, 300, 'cash'),
  (36, '2026-06-09T12:20:13.752343', 1, 100, 'cash'),
  (37, '2026-06-09T12:22:01.711741', 4, 450, 'transfer'),
  (38, '2026-06-09T12:29:05.042395', 2, 200, 'cash'),
  (39, '2026-06-09T12:44:20.567987', 6, 900, 'transfer'),
  (40, '2026-06-09T13:55:31.752203', 2, 300, 'transfer'),
  (41, '2026-06-09T14:02:45.671237', 2, 200, 'cash'),
  (42, '2026-06-09T14:05:00.629942', 5, 550, 'transfer'),
  (43, '2026-06-09T14:12:21.503866', 1, 100, 'transfer'),
  (44, '2026-06-09T14:12:49.636142', 2, 200, 'cash'),
  (45, '2026-06-09T14:13:02.749363', 2, 250, 'cash'),
  (46, '2026-06-09T14:45:05.566781', 1, 100, 'transfer'),
  (47, '2026-06-09T14:46:23.517134', 4, 450, 'cash'),
  (48, '2026-06-09T14:46:33.393127', 3, 300, 'cash'),
  (49, '2026-06-09T14:49:07.147286', 2, 300, 'cash'),
  (50, '2026-06-09T14:54:40.061657', 3, 450, 'transfer'),
  (51, '2026-06-09T14:57:58.531518', 1, 100, 'cash'),
  (52, '2026-06-09T15:11:24.400841', 3, 300, 'cash'),
  (53, '2026-06-09T15:25:16.755248', 10, 1500, 'transfer'),
  (54, '2026-06-09T15:27:25.640095', 1, 100, 'cash'),
  (55, '2026-06-09T15:36:54.376331', 1, 100, 'cash'),
  (56, '2026-06-09T16:25:39.351687', 4, 550, 'cash'),
  (57, '2026-06-09T16:25:45.639494', 1, 150, 'cash'),
  (58, '2026-06-09T16:31:12.310501', 3, 300, 'transfer'),
  (59, '2026-06-09T16:31:18.364823', 2, 200, 'cash'),
  (60, '2026-06-09T16:31:49.767691', 1, 100, 'cash'),
  (61, '2026-06-09T16:33:10.582621', 1, 100, 'transfer'),
  (62, '2026-06-09T16:38:17.676025', 1, 100, 'cash'),
  (63, '2026-06-09T16:41:35.850715', 1, 100, 'cash'),
  (64, '2026-06-09T16:45:29.264108', 1, 150, 'cash'),
  (65, '2026-06-09T16:55:07.148408', 2, 300, 'cash'),
  (66, '2026-06-09T17:01:32.417601', 1, 100, 'cash'),
  (67, '2026-06-09T18:34:08.313196', 2, 200, 'transfer'),
  (68, '2026-06-09T18:34:14.645751', 1, 100, 'cash'),
  (69, '2026-06-09T18:39:32.912788', 2, 200, 'transfer'),
  (70, '2026-06-09T18:41:05.949035', 1, 150, 'transfer'),
  (71, '2026-06-09T18:41:50.365593', 3, 300, 'cash'),
  (72, '2026-06-09T19:01:16.942867', 4, 400, 'cash'),
  (73, '2026-06-09T19:14:23.339905', 4, 500, 'cash');


-- Table: order_detail (90 rows)
INSERT INTO order_detail (detail_id, order_id, datetime, product_id_ref, free_itemtype, order_price, qty_sales, subtotal) VALUES
  (1, 1, '2026-06-08T13:43:17.503041', 4, FALSE, 100, 5, 500),
  (2, 1, '2026-06-08T13:43:17.503041', 1, FALSE, 100, 1, 100),
  (3, 2, '2026-06-08T13:52:03.375595', 4, FALSE, 100, 2, 200),
  (4, 3, '2026-06-08T13:52:38.269377', 3, FALSE, 100, 1, 100),
  (5, 4, '2026-06-08T13:52:52.026868', 4, FALSE, 100, 2, 200),
  (6, 5, '2026-06-08T13:53:32.015129', 3, FALSE, 100, 1, 100),
  (7, 6, '2026-06-08T13:53:43.576936', 4, FALSE, 100, 2, 200),
  (8, 7, '2026-06-08T13:53:50.725956', 5, FALSE, 100, 1, 100),
  (9, 8, '2026-06-08T13:56:45.394361', 4, FALSE, 100, 2, 200),
  (10, 8, '2026-06-08T13:56:45.394361', 2, FALSE, 100, 2, 200),
  (11, 8, '2026-06-08T13:56:45.394361', 3, FALSE, 100, 1, 100),
  (12, 8, '2026-06-08T13:56:45.394361', 1, FALSE, 100, 1, 100),
  (13, 9, '2026-06-08T15:19:52.464799', 4, FALSE, 100, 1, 100),
  (14, 10, '2026-06-08T16:13:08.944774', 4, FALSE, 100, 3, 300),
  (15, 11, '2026-06-08T16:18:00.542332', 4, FALSE, 100, 1, 100),
  (16, 12, '2026-06-08T16:24:08.220845', 4, FALSE, 100, 2, 200),
  (17, 13, '2026-06-08T16:50:03.781905', 3, FALSE, 100, 1, 100),
  (18, 14, '2026-06-08T16:59:26.993606', 4, FALSE, 100, 1, 100),
  (19, 15, '2026-06-08T17:01:02.283064', 2, FALSE, 100, 1, 100),
  (20, 16, '2026-06-08T17:17:24.930558', 4, FALSE, 100, 2, 200),
  (21, 17, '2026-06-08T17:58:45.38045', 3, FALSE, 100, 1, 100),
  (22, 18, '2026-06-08T18:12:55.627415', 2, FALSE, 100, 1, 100),
  (23, 19, '2026-06-08T18:14:59.467287', 4, FALSE, 100, 2, 200),
  (24, 20, '2026-06-08T18:19:56.196945', 3, FALSE, 100, 2, 200),
  (25, 21, '2026-06-08T18:31:53.347489', 4, FALSE, 100, 1, 100),
  (26, 22, '2026-06-08T19:01:01.378838', 4, FALSE, 100, 2, 200),
  (28, 24, '2026-06-09T10:14:36.227041', 9, FALSE, 100, 1, 100),
  (29, 25, '2026-06-09T10:23:44.745782', 4, FALSE, 100, 1, 100),
  (30, 26, '2026-06-09T10:23:50.764893', 4, FALSE, 100, 1, 100),
  (31, 27, '2026-06-09T11:21:11.301142', 9, FALSE, 100, 1, 100),
  (32, 28, '2026-06-09T11:21:45.170608', 8, FALSE, 150, 2, 300),
  (33, 29, '2026-06-09T11:22:37.814296', 9, FALSE, 100, 10, 1000),
  (34, 29, '2026-06-09T11:22:37.814296', 9, TRUE, 0, 1, 0),
  (35, 30, '2026-06-09T11:22:59.796823', 4, FALSE, 100, 1, 100),
  (36, 31, '2026-06-09T12:18:01.839686', 4, FALSE, 100, 1, 100),
  (37, 32, '2026-06-09T12:18:10.988013', 9, FALSE, 100, 5, 500),
  (38, 33, '2026-06-09T12:19:15.938149', 8, FALSE, 150, 1, 150),
  (39, 34, '2026-06-09T12:19:24.735176', 9, FALSE, 100, 2, 200),
  (40, 35, '2026-06-09T12:19:33.533965', 4, FALSE, 100, 3, 300),
  (41, 36, '2026-06-09T12:20:13.797958', 9, FALSE, 100, 1, 100),
  (42, 37, '2026-06-09T12:22:01.768618', 8, FALSE, 150, 1, 150),
  (43, 37, '2026-06-09T12:22:01.768618', 3, FALSE, 100, 2, 200),
  (44, 37, '2026-06-09T12:22:01.768618', 4, FALSE, 100, 1, 100),
  (45, 38, '2026-06-09T12:29:05.108807', 9, FALSE, 100, 2, 200),
  (46, 39, '2026-06-09T12:44:20.625074', 8, FALSE, 150, 6, 900),
  (47, 40, '2026-06-09T13:55:31.832098', 8, FALSE, 150, 2, 300),
  (48, 41, '2026-06-09T14:02:45.710755', 9, FALSE, 100, 1, 100),
  (49, 41, '2026-06-09T14:02:45.710755', 3, FALSE, 100, 1, 100),
  (50, 42, '2026-06-09T14:05:00.704258', 8, FALSE, 150, 1, 150),
  (51, 42, '2026-06-09T14:05:00.704258', 2, FALSE, 100, 4, 400),
  (52, 43, '2026-06-09T14:12:21.599349', 1, FALSE, 100, 1, 100),
  (53, 44, '2026-06-09T14:12:49.69827', 4, FALSE, 100, 2, 200),
  (54, 45, '2026-06-09T14:13:02.819807', 8, FALSE, 150, 1, 150),
  (55, 45, '2026-06-09T14:13:02.819807', 5, FALSE, 100, 1, 100),
  (56, 46, '2026-06-09T14:45:05.605265', 3, FALSE, 100, 1, 100),
  (57, 47, '2026-06-09T14:46:23.54505', 9, FALSE, 100, 2, 200),
  (58, 47, '2026-06-09T14:46:23.54505', 3, FALSE, 100, 1, 100),
  (59, 47, '2026-06-09T14:46:23.54505', 8, FALSE, 150, 1, 150),
  (60, 48, '2026-06-09T14:46:33.416611', 9, FALSE, 100, 3, 300),
  (61, 49, '2026-06-09T14:49:07.190153', 8, FALSE, 150, 2, 300),
  (62, 50, '2026-06-09T14:54:40.192808', 8, FALSE, 150, 3, 450),
  (63, 51, '2026-06-09T14:57:58.579267', 4, FALSE, 100, 1, 100),
  (64, 52, '2026-06-09T15:11:24.437288', 4, FALSE, 100, 2, 200),
  (65, 52, '2026-06-09T15:11:24.437288', 9, FALSE, 100, 1, 100),
  (66, 53, '2026-06-09T15:25:16.814512', 8, FALSE, 150, 10, 1500),
  (67, 54, '2026-06-09T15:27:25.676571', 1, FALSE, 100, 1, 100),
  (68, 55, '2026-06-09T15:36:54.409209', 1, FALSE, 100, 1, 100),
  (69, 56, '2026-06-09T16:25:39.408149', 8, FALSE, 150, 3, 450),
  (70, 56, '2026-06-09T16:25:39.408149', 5, FALSE, 100, 1, 100),
  (71, 57, '2026-06-09T16:25:45.673427', 8, FALSE, 150, 1, 150),
  (72, 58, '2026-06-09T16:31:12.35333', 9, FALSE, 100, 3, 300),
  (73, 59, '2026-06-09T16:31:18.391518', 9, FALSE, 100, 2, 200),
  (74, 60, '2026-06-09T16:31:49.797381', 9, FALSE, 100, 1, 100),
  (75, 61, '2026-06-09T16:33:10.620242', 4, FALSE, 100, 1, 100),
  (76, 62, '2026-06-09T16:38:17.725081', 9, FALSE, 100, 1, 100),
  (77, 63, '2026-06-09T16:41:35.926827', 5, FALSE, 100, 1, 100),
  (78, 64, '2026-06-09T16:45:29.307096', 8, FALSE, 150, 1, 150),
  (79, 65, '2026-06-09T16:55:07.184966', 8, FALSE, 150, 2, 300),
  (80, 66, '2026-06-09T17:01:32.45853', 9, FALSE, 100, 1, 100),
  (81, 67, '2026-06-09T18:34:08.398947', 4, FALSE, 100, 1, 100),
  (82, 67, '2026-06-09T18:34:08.398947', 3, FALSE, 100, 1, 100),
  (83, 68, '2026-06-09T18:34:14.680546', 9, FALSE, 100, 1, 100),
  (84, 69, '2026-06-09T18:39:32.955178', 5, FALSE, 100, 2, 200),
  (85, 70, '2026-06-09T18:41:05.97668', 8, FALSE, 150, 1, 150),
  (86, 71, '2026-06-09T18:41:50.459713', 9, FALSE, 100, 3, 300),
  (92, 23, '2026-06-09T20:38:58.9969', 4, FALSE, 100, 1, 100),
  (93, 73, '2026-06-09T20:50:53.713544', 8, FALSE, 150, 2, 300),
  (94, 73, '2026-06-09T20:50:53.713544', 2, FALSE, 100, 1, 100),
  (95, 73, '2026-06-09T20:50:53.713544', 4, FALSE, 100, 1, 100),
  (96, 72, '2026-06-09T21:48:11.805029', 9, FALSE, 100, 4, 400);


-- expenses: no data

SET session_replication_role = DEFAULT;